T_UPDATE;FLIGHT_ID;RUNWAY;TIME;GATE;STACK
11-9-2021 21:20:12;21519097;null;12-9-2021;null;null
12-9-2021 01:05:18;21519092;18R;12-9-2021 00:00:47;B31;ARTIP
12-9-2021 01:05:19;21519110;null;12-9-2021 00:14:00;HG0;null
12-9-2021 01:05:19;21519094;18R;12-9-2021 00:14:10;S79;ARTIP
12-9-2021 01:05:19;21519093;18R;12-9-2021 00:20:28;D03;ARTIP
12-9-2021 01:05:20;21519098;18R;12-9-2021 00:54:00;E07;ARTIP
12-9-2021 01:20:10;21519095;18R;12-9-2021 01:10:20;D41;ARTIP
12-9-2021 02:35:11;21519105;18R;12-9-2021 02:16:19;D57;ARTIP
12-9-2021 02:50:10;21519106;18R;12-9-2021 02:30:33;R81;ARTIP
12-9-2021 03:35:11;21519107;18R;12-9-2021 03:15:16;E06;ARTIP
12-9-2021 03:50:10;21519112;18R;12-9-2021 03:31:33;E05;SUGOL
12-9-2021 03:50:11;21519109;18R;12-9-2021 03:39:04;R80;ARTIP
12-9-2021 04:05:13;21519115;18R;12-9-2021 03:54:18;F06;ARTIP
12-9-2021 04:20:10;21519111;18R;12-9-2021 04:00:20;E18;RIVER
12-9-2021 04:20:11;21519119;18R;12-9-2021 04:07:52;E22;ARTIP
12-9-2021 04:50:10;21519139;18R;12-9-2021 04:29:22;F09;SUGOL
12-9-2021 04:50:11;21519127;18R;12-9-2021 04:31:00;D04;SUGOL
12-9-2021 04:50:11;21519122;18R;12-9-2021 04:33:17;G79;ARTIP
12-9-2021 04:50:12;21519135;18R;12-9-2021 04:39:20;B24;ARTIP
12-9-2021 04:50:12;21519141;18R;12-9-2021 04:40:38;E20;SUGOL
12-9-2021 05:05:12;21519133;18R;12-9-2021 04:45:28;E24;ARTIP
12-9-2021 05:05:13;21519138;18R;12-9-2021 04:56:02;A64;ARTIP
12-9-2021 05:05:13;21519125;18R;12-9-2021 04:57:28;E19;RIVER
12-9-2021 05:20:11;21519150;18R;12-9-2021 05:00:45;F08;SUGOL
12-9-2021 05:20:11;21519144;18C;12-9-2021 05:01:24;A51;ARTIP
12-9-2021 05:20:12;21519130;18C;12-9-2021 05:02:59;E75;ARTIP
12-9-2021 05:20:12;21519149;18R;12-9-2021 05:03:20;B20;RIVER
12-9-2021 05:20:12;21519154;18R;12-9-2021 05:04:36;G09;SUGOL
12-9-2021 05:20:12;21519137;18C;12-9-2021 05:04:48;E09;ARTIP
12-9-2021 05:20:12;21519156;18R;12-9-2021 05:06:30;E07;SUGOL
12-9-2021 05:20:12;21519143;18C;12-9-2021 05:06:55;A41;ARTIP
12-9-2021 05:20:12;21519151;18C;12-9-2021 05:08:29;C08;ARTIP
12-9-2021 05:20:12;21519165;18R;12-9-2021 05:08:34;D10;SUGOL
12-9-2021 05:20:13;21519147;18C;12-9-2021 05:10:17;B31;ARTIP
12-9-2021 05:20:13;21519157;18R;12-9-2021 05:10:57;S77;SUGOL
12-9-2021 05:20:13;21519134;18C;12-9-2021 05:11:26;F05;ARTIP
12-9-2021 05:20:13;21519155;18R;12-9-2021 05:12:38;E02;SUGOL
12-9-2021 05:20:13;21519148;18C;12-9-2021 05:13:07;C13;ARTIP
12-9-2021 05:35:11;21519153;18C;12-9-2021 05:14:56;A53;ARTIP
12-9-2021 05:35:11;21519140;18C;12-9-2021 05:16:28;B27;ARTIP
12-9-2021 05:35:12;21519159;18C;12-9-2021 05:19:52;E04;ARTIP
12-9-2021 05:35:12;21519163;18C;12-9-2021 05:21:49;A65;ARTIP
12-9-2021 05:35:12;21519161;18C;12-9-2021 05:23:32;D94;ARTIP
12-9-2021 05:35:12;21519180;21;12-9-2021 05:24:07;B2;null
12-9-2021 05:35:13;21519183;18C;12-9-2021 05:25:32;E08;ARTIP
12-9-2021 05:35:13;21519164;18C;12-9-2021 05:27:21;F07;ARTIP
12-9-2021 05:50:11;21519185;18C;12-9-2021 05:29:54;B35;ARTIP
12-9-2021 05:50:11;21519182;18C;12-9-2021 05:31:48;G07;ARTIP
12-9-2021 05:50:12;21519184;18R;12-9-2021 05:33:26;B16;RIVER
12-9-2021 05:50:12;21519192;18C;12-9-2021 05:34:00;D51;ARTIP
12-9-2021 05:50:12;21519195;18R;12-9-2021 05:34:36;E03;SUGOL
12-9-2021 05:50:12;21519175;18C;12-9-2021 05:35:24;D93;ARTIP
12-9-2021 05:50:12;21519193;18R;12-9-2021 05:37:04;A54;RIVER
12-9-2021 05:50:13;21519194;18R;12-9-2021 05:38:36;A43;RIVER
12-9-2021 05:50:13;21519190;18C;12-9-2021 05:40:54;H01;ARTIP
12-9-2021 06:05:11;21519208;18R;12-9-2021 05:45:03;D18;SUGOL
12-9-2021 06:05:11;21519205;18C;12-9-2021 05:45:51;B32;ARTIP
12-9-2021 06:05:11;21519213;18R;12-9-2021 05:46:58;G05;SUGOL
12-9-2021 06:05:11;21519216;18C;12-9-2021 05:47:55;G06;ARTIP
12-9-2021 06:05:12;21519212;18R;12-9-2021 05:49:48;A31;RIVER
12-9-2021 06:05:12;21519210;18C;12-9-2021 05:51:17;A45;ARTIP
12-9-2021 06:05:12;21519209;18R;12-9-2021 05:51:50;D28;SUGOL
12-9-2021 06:05:13;21519228;18R;12-9-2021 05:53:20;E18;SUGOL
12-9-2021 06:05:13;21519223;18C;12-9-2021 05:56:02;C09;ARTIP
12-9-2021 06:05:14;21519211;18R;12-9-2021 05:57:25;B94;RIVER
12-9-2021 06:05:14;21519214;18C;12-9-2021 05:58:21;D22;ARTIP
12-9-2021 06:20:11;21519222;18C;12-9-2021 05:59:47;D90;ARTIP
12-9-2021 06:20:11;21519245;18R;12-9-2021 06:00:51;A46;SUGOL
12-9-2021 06:20:10;21519238;21;12-9-2021 06:01:04;null;null
12-9-2021 06:20:11;21519226;18C;12-9-2021 06:02:25;A32;ARTIP
12-9-2021 06:20:11;21519230;18R;12-9-2021 06:03:06;D43;SUGOL
12-9-2021 06:20:11;21519233;18C;12-9-2021 06:03:51;B36;ARTIP
12-9-2021 06:20:12;21519231;18C;12-9-2021 06:05:51;D56;RIVER
12-9-2021 06:20:12;21519251;18R;12-9-2021 06:05:55;A73;SUGOL
12-9-2021 06:20:12;21519221;18C;12-9-2021 06:07:26;A52;RIVER
12-9-2021 06:20:12;21519237;18R;12-9-2021 06:07:31;D14;SUGOL
12-9-2021 06:20:12;21519229;18C;12-9-2021 06:09:00;B23;ARTIP
12-9-2021 06:20:12;21519250;18R;12-9-2021 06:09:17;D41;RIVER
12-9-2021 06:20:13;21519258;18C;12-9-2021 06:10:17;F09;ARTIP
12-9-2021 06:20:13;21519234;18R;12-9-2021 06:10:37;C15;RIVER
12-9-2021 06:20:13;21519241;18R;12-9-2021 06:12:19;D53;SUGOL
12-9-2021 06:20:13;21519240;18C;12-9-2021 06:12:34;D25;ARTIP
12-9-2021 06:20:13;21519249;21;12-9-2021 06:12:36;null;null
12-9-2021 06:20:12;21519243;21;12-9-2021 06:12:45;null;null
12-9-2021 06:35:11;21519232;18R;12-9-2021 06:13:59;G08;RIVER
12-9-2021 06:35:11;21519219;18C;12-9-2021 06:14:15;B28;ARTIP
12-9-2021 06:35:11;21519266;22;12-9-2021 06:14:27;GL;RIVER
12-9-2021 06:35:11;21519199;18C;12-9-2021 06:15:31;D52;ARTIP
12-9-2021 06:35:11;21519259;18R;12-9-2021 06:15:56;A72;SUGOL
12-9-2021 06:35:11;21519244;18C;12-9-2021 06:16:54;D55;ARTIP
12-9-2021 06:35:11;21519253;18R;12-9-2021 06:17:07;C06;RIVER
12-9-2021 06:35:12;21519248;18C;12-9-2021 06:18:26;B17;ARTIP
12-9-2021 06:35:12;21519268;18R;12-9-2021 06:18:51;E22;SUGOL
12-9-2021 06:35:12;21519225;18C;12-9-2021 06:20:00;A55;ARTIP
12-9-2021 07:20:12;21519310;null;12-9-2021 06:21:00;null;null
12-9-2021 06:35:12;21519247;18R;12-9-2021 06:21:22;B20;RIVER
12-9-2021 06:35:12;21519252;18C;12-9-2021 06:21:23;D57;ARTIP
12-9-2021 06:35:12;21519261;18R;12-9-2021 06:22:31;D29;SUGOL
12-9-2021 06:35:12;21519267;18C;12-9-2021 06:22:49;C14;ARTIP
12-9-2021 06:35:13;21519257;18R;12-9-2021 06:24:22;A75;RIVER
12-9-2021 06:35:13;21519239;18C;12-9-2021 06:24:31;B24;ARTIP
12-9-2021 06:05:14;21519466;null;12-9-2021 06:25:23;null;null
12-9-2021 06:35:13;21519186;18C;12-9-2021 06:26:03;A44;ARTIP
12-9-2021 06:35:13;21519273;18R;12-9-2021 06:26:26;G03;SUGOL
12-9-2021 06:50:11;21519224;18R;12-9-2021 06:28:30;C07;RIVER
12-9-2021 06:50:11;21519274;18C;12-9-2021 06:28:47;R74;ARTIP
12-9-2021 06:50:11;21519260;18R;12-9-2021 06:29:46;E24;SUGOL
12-9-2021 06:50:11;21519255;18C;12-9-2021 06:30:52;D27;ARTIP
12-9-2021 06:50:12;21519264;18C;12-9-2021 06:32:06;D05;RIVER
12-9-2021 06:50:12;21519280;18C;12-9-2021 06:33:50;B32;RIVER
12-9-2021 06:50:12;21519277;18C;12-9-2021 06:35:35;H03;RIVER
12-9-2021 07:20:12;21519404;null;12-9-2021 06:36:00;null;null
12-9-2021 06:50:12;21519281;18C;12-9-2021 06:37:23;D03;SUGOL
12-9-2021 06:50:12;21519580;24;12-9-2021 06:38:32;null;null
12-9-2021 06:50:13;21519306;21;12-9-2021 06:39:00;A1;null
12-9-2021 06:50:13;21519299;18C;12-9-2021 06:39:57;D31;SUGOL
12-9-2021 06:50:13;21519283;18R;12-9-2021 06:41:22;A35;RIVER
12-9-2021 06:50:13;21519276;18R;12-9-2021 06:42:58;D16;ARTIP
12-9-2021 03:50:10;21519278;null;12-9-2021 06:43:39;null;RIVER
12-9-2021 07:05:12;21519291;18R;12-9-2021 06:44:37;F05;SUGOL
12-9-2021 07:05:12;21519287;18R;12-9-2021 06:46:52;B31;ARTIP
12-9-2021 07:05:12;21519288;18R;12-9-2021 06:48:24;G02;ARTIP
12-9-2021 07:05:13;21519279;18R;12-9-2021 06:50:03;D12;RIVER
12-9-2021 07:05:13;21519305;18R;12-9-2021 06:51:50;D10;SUGOL
12-9-2021 07:05:12;21519467;21;12-9-2021 06:53:42;null;null
12-9-2021 07:05:13;21519294;18R;12-9-2021 06:53:58;C12;ARTIP
12-9-2021 07:05:13;21519289;18R;12-9-2021 06:55:24;C08;ARTIP
12-9-2021 07:05:14;21519293;18R;12-9-2021 06:56:49;S79;SUGOL
12-9-2021 07:05:14;21519309;21;12-9-2021 06:57:47;LES;null
12-9-2021 07:20:12;21519246;18R;12-9-2021 06:58:49;D02;SUGOL
12-9-2021 07:20:12;21519300;18R;12-9-2021 07:00:29;F06;SUGOL
12-9-2021 07:20:12;21519200;18R;12-9-2021 07:02:30;E06;ARTIP
12-9-2021 07:20:12;21519304;18R;12-9-2021 07:04:00;H01;SUGOL
12-9-2021 07:20:13;21519290;18R;12-9-2021 07:05:48;D26;ARTIP
12-9-2021 07:20:13;21519263;18R;12-9-2021 07:07:29;A71;SUGOL
12-9-2021 07:20:14;21519332;18R;12-9-2021 07:13:03;G05;SUGOL
12-9-2021 07:20:14;21519329;22;12-9-2021 07:14:00;GL;null
12-9-2021 07:35:12;21519307;18R;12-9-2021 07:15:36;B27;RIVER
12-9-2021 07:35:12;21519312;21;12-9-2021 07:17:50;null;null
12-9-2021 07:35:12;21519320;21;12-9-2021 07:18:08;null;null
12-9-2021 07:35:13;21519315;18R;12-9-2021 07:18:09;C10;ARTIP
12-9-2021 07:35:12;21519314;21;12-9-2021 07:18:12;null;null
12-9-2021 07:35:13;21519311;18R;12-9-2021 07:20:48;D51;RIVER
12-9-2021 07:35:13;21519676;24;12-9-2021 07:23:41;null;null
12-9-2021 07:35:14;21519348;18R;12-9-2021 07:25:45;H03;SUGOL
12-9-2021 07:35:14;21519330;18R;12-9-2021 07:27:19;E08;ARTIP
12-9-2021 07:50:11;21519349;21;12-9-2021 07:34:15;null;null
12-9-2021 07:50:11;21519347;23;12-9-2021 07:34:40;J;null
12-9-2021 07:35:13;21519371;null;12-9-2021 07:35:34;null;null
12-9-2021 07:50:12;21519331;18R;12-9-2021 07:35:55;G09;ARTIP
12-9-2021 07:50:14;21519346;18R;12-9-2021 07:42:29;C16;ARTIP
12-9-2021 08:05:11;21519350;18R;12-9-2021 07:44:29;D07;SUGOL
12-9-2021 08:05:12;21519336;18R;12-9-2021 07:50:43;E04;ARTIP
12-9-2021 08:05:13;21519365;18R;12-9-2021 07:54:31;D28;ARTIP
12-9-2021 08:05:13;21519358;21;12-9-2021 07:54:42;null;null
12-9-2021 08:05:13;21519391;18R;12-9-2021 07:56:01;F08;RIVER
12-9-2021 08:05:14;21519357;18R;12-9-2021 07:57:53;G79;SUGOL
12-9-2021 08:20:10;21519382;18R;12-9-2021 07:59:31;E19;SUGOL
12-9-2021 08:20:10;21519381;18R;12-9-2021 08:01:23;S84;SUGOL
12-9-2021 08:20:11;21519385;18R;12-9-2021 08:03:54;B17;ARTIP
12-9-2021 08:20:11;21519339;18R;12-9-2021 08:05:46;G04;ARTIP
12-9-2021 08:20:11;21519425;21;12-9-2021 08:06:08;null;null
12-9-2021 08:20:11;21519366;18R;12-9-2021 08:07:06;S82;ARTIP
12-9-2021 08:20:12;21519390;18R;12-9-2021 08:09:25;D24;ARTIP
12-9-2021 08:20:12;21519405;18R;12-9-2021 08:10:54;B31;ARTIP
12-9-2021 08:20:13;21519392;18R;12-9-2021 08:12:48;D16;ARTIP
12-9-2021 08:35:11;21519434;18R;12-9-2021 08:14:10;E03;SUGOL
12-9-2021 04:20:10;21519323;null;12-9-2021 08:15:00;null;null
12-9-2021 08:05:11;21519660;null;12-9-2021 08:15:00;null;null
12-9-2021 08:35:11;21519433;21;12-9-2021 08:15:42;null;null
12-9-2021 08:35:12;21519464;18R;12-9-2021 08:18:33;E20;SUGOL
12-9-2021 08:35:13;21519417;18R;12-9-2021 08:20:46;D31;ARTIP
12-9-2021 08:35:13;21519451;18R;12-9-2021 08:22:22;B15;ARTIP
12-9-2021 08:35:13;21519426;18R;12-9-2021 08:23:42;C08;RIVER
12-9-2021 08:35:14;21519419;18R;12-9-2021 08:25:19;B35;ARTIP
12-9-2021 08:35:14;21519394;18R;12-9-2021 08:26:31;D04;SUGOL
12-9-2021 08:35:14;21519421;23;12-9-2021 08:27:00;A14;null
12-9-2021 07:20:13;21519334;null;12-9-2021 08:27:00;null;null
12-9-2021 08:50:12;21519427;18R;12-9-2021 08:28:57;B23;RIVER
12-9-2021 08:35:15;21519453;24;12-9-2021 08:29:44;A1;null
12-9-2021 04:50:10;21519370;null;12-9-2021 08:30:00;null;null
12-9-2021 06:05:11;21519521;null;12-9-2021 08:30:00;null;null
12-9-2021 08:50:13;21519461;18R;12-9-2021 08:30:38;E17;RIVER
12-9-2021 08:50:12;21519416;21;12-9-2021 08:31:13;null;null
12-9-2021 08:50:13;21519440;18R;12-9-2021 08:33:26;D25;SUGOL
12-9-2021 08:50:14;21519452;18R;12-9-2021 08:35:01;B36;ARTIP
12-9-2021 08:50:15;21519458;18R;12-9-2021 08:38:51;B27;RIVER
12-9-2021 08:50:15;21519446;22;12-9-2021 08:41:28;GL;null
12-9-2021 05:05:11;21519415;null;12-9-2021 08:45:00;null;null
12-9-2021 09:05:12;21519487;18R;12-9-2021 08:45:35;B16;ARTIP
12-9-2021 10:20:15;21519600;24;12-9-2021 08:46:00;null;null
12-9-2021 09:05:13;21519459;18R;12-9-2021 08:47:12;D52;RIVER
12-9-2021 05:35:11;21519468;null;12-9-2021 08:50:00;null;null
12-9-2021 09:05:14;21519476;18R;12-9-2021 08:50:57;G02;RIVER
12-9-2021 09:05:14;21519489;18R;12-9-2021 08:52:51;D54;RIVER
12-9-2021 09:05:15;21519478;18R;12-9-2021 08:54:22;D56;ARTIP
12-9-2021 07:50:13;21519749;null;12-9-2021 08:55:00;null;null
12-9-2021 09:05:15;21519503;18R;12-9-2021 08:56:02;G06;RIVER
12-9-2021 09:05:15;21519491;24;12-9-2021 08:58:47;C2;null
12-9-2021 09:20:10;21519512;18R;12-9-2021 08:58:52;C11;RIVER
12-9-2021 09:05:15;21519497;23;12-9-2021 09:00:00;null;null
12-9-2021 07:20:13;21519665;null;12-9-2021 09:00:00;null;null
12-9-2021 09:05:16;21519483;21;12-9-2021 09:00:19;null;null
12-9-2021 09:20:11;21519513;18R;12-9-2021 09:00:34;B20;ARTIP
12-9-2021 09:20:12;21519528;18R;12-9-2021 09:05:13;E18;RIVER
12-9-2021 09:20:13;21519514;18R;12-9-2021 09:07:54;B24;ARTIP
12-9-2021 07:50:12;21519400;null;12-9-2021 09:09:00;null;null
12-9-2021 09:20:13;21519526;21;12-9-2021 09:09:47;LES;null
12-9-2021 09:20:14;21519515;18R;12-9-2021 09:10:00;A52;ARTIP
12-9-2021 09:20:14;21519537;18R;12-9-2021 09:11:50;E02;SUGOL
12-9-2021 09:35:10;21519516;18R;12-9-2021 09:13:37;S77;ARTIP
12-9-2021 08:50:13;21519831;null;12-9-2021 09:14:00;null;null
12-9-2021 09:35:11;21519518;18R;12-9-2021 09:15:49;R77;SUGOL
12-9-2021 09:35:12;21519534;18R;12-9-2021 09:18:18;B28;ARTIP
12-9-2021 09:35:12;21519527;24;12-9-2021 09:19:00;D2;null
12-9-2021 09:35:12;21519508;18R;12-9-2021 09:19:20;C07;RIVER
12-9-2021 09:35:13;21519492;18R;12-9-2021 09:21:25;G08;ARTIP
12-9-2021 09:35:14;21519407;23;12-9-2021 09:23:00;KLS;null
12-9-2021 09:35:14;21519474;18R;12-9-2021 09:23:08;D49;ARTIP
12-9-2021 09:35:14;21519520;21;12-9-2021 09:23:35;AZS;null
12-9-2021 09:35:15;21519839;null;12-9-2021 09:24:00;null;null
12-9-2021 09:35:15;21519517;18R;12-9-2021 09:25:17;G03;ARTIP
12-9-2021 09:35:15;21519536;18R;12-9-2021 09:27:35;G04;ARTIP
12-9-2021 09:35:15;21519556;21;12-9-2021 09:28:31;null;null
12-9-2021 09:50:11;21519525;18R;12-9-2021 09:29:53;B32;RIVER
12-9-2021 09:50:11;21519412;21;12-9-2021 09:31:03;AZS;null
12-9-2021 09:50:11;21519549;18R;12-9-2021 09:31:37;B17;ARTIP
12-9-2021 09:50:12;21519564;18R;12-9-2021 09:33:32;D05;RIVER
12-9-2021 09:50:12;21519899;24;12-9-2021 09:34:08;null;null
12-9-2021 09:50:13;21519507;18R;12-9-2021 09:35:28;C10;ARTIP
12-9-2021 09:50:13;21519554;18R;12-9-2021 09:37:24;A31;ARTIP
12-9-2021 08:50:15;21519826;null;12-9-2021 09:38:00;null;null
12-9-2021 09:50:13;21519559;21;12-9-2021 09:39:22;null;null
12-9-2021 09:50:14;21519553;18R;12-9-2021 09:39:24;H07;ARTIP
12-9-2021 09:50:15;21519562;18R;12-9-2021 09:41:16;B35;RIVER
12-9-2021 09:50:15;21519555;18R;12-9-2021 09:42:49;E04;ARTIP
12-9-2021 09:50:15;21519605;24;12-9-2021 09:43:57;D1;null
12-9-2021 10:05:12;21519567;18R;12-9-2021 09:45:23;D10;RIVER
12-9-2021 10:05:13;21519585;18R;12-9-2021 09:48:32;E22;SUGOL
12-9-2021 10:05:13;21519500;22;12-9-2021 09:50:00;GL;null
12-9-2021 09:05:15;21519684;null;12-9-2021 09:50:00;null;null
12-9-2021 07:35:12;21519685;null;12-9-2021 09:50:00;null;null
12-9-2021 10:05:13;21519563;21;12-9-2021 09:50:35;null;null
12-9-2021 10:05:14;21519578;18R;12-9-2021 09:50:50;E09;SUGOL
12-9-2021 10:05:15;21519577;18R;12-9-2021 09:53:21;F06;SUGOL
12-9-2021 10:05:15;21519569;22;12-9-2021 09:54:30;GL;ARTIP
12-9-2021 10:05:15;21519821;24;12-9-2021 09:55:25;null;null
12-9-2021 10:05:16;21519535;18R;12-9-2021 09:56:32;H02;RIVER
12-9-2021 10:20:11;21519590;18R;12-9-2021 09:58:37;E07;RIVER
12-9-2021 10:05:16;21520002;24;12-9-2021 09:59:34;null;null
12-9-2021 10:35:13;21519787;null;12-9-2021 10:00:00;null;null
12-9-2021 08:50:16;21519877;null;12-9-2021 10:00:00;null;null
12-9-2021 10:20:11;21519581;21;12-9-2021 10:00:42;null;null
12-9-2021 10:20:11;21519570;21;12-9-2021 10:00:46;null;null
12-9-2021 10:20:12;21519601;18R;12-9-2021 10:00:56;D55;RIVER
12-9-2021 10:20:12;21519625;18R;12-9-2021 10:02:56;D53;RIVER
12-9-2021 10:50:12;21519505;null;12-9-2021 10:03:00;null;null
12-9-2021 10:05:13;21519832;null;12-9-2021 10:04:00;null;null
12-9-2021 10:20:13;21519598;18R;12-9-2021 10:04:23;D51;RIVER
12-9-2021 10:35:15;21519566;null;12-9-2021 10:05:00;null;null
12-9-2021 10:20:13;21519597;21;12-9-2021 10:05:01;null;null
12-9-2021 10:20:14;21519576;18R;12-9-2021 10:05:46;G07;ARTIP
12-9-2021 10:20:11;21519639;null;12-9-2021 10:06:11;null;null
12-9-2021 10:20:14;21519615;18R;12-9-2021 10:07:17;A46;ARTIP
12-9-2021 09:35:15;21519968;null;12-9-2021 10:08:00;null;null
12-9-2021 10:20:14;21519609;18R;12-9-2021 10:08:28;H04;SUGOL
12-9-2021 06:20:10;21519541;null;12-9-2021 10:10:00;null;null
12-9-2021 06:35:12;21519573;null;12-9-2021 10:10:00;null;null
12-9-2021 09:50:14;21519748;null;12-9-2021 10:10:00;null;null
12-9-2021 10:20:15;21519572;18R;12-9-2021 10:10:01;G09;ARTIP
12-9-2021 10:20:16;21519664;18R;12-9-2021 10:11:38;F05;SUGOL
12-9-2021 10:20:15;21519731;24;12-9-2021 10:12:00;null;null
12-9-2021 09:20:12;21519672;null;12-9-2021 10:12:00;null;null
12-9-2021 10:20:16;21519626;22;12-9-2021 10:13:23;GL;ARTIP
12-9-2021 10:35:11;21519613;18R;12-9-2021 10:13:49;B16;ARTIP
12-9-2021 10:50:12;21519825;null;12-9-2021 10:15:00;null;null
12-9-2021 10:35:11;21519627;18R;12-9-2021 10:15:08;H01;RIVER
12-9-2021 10:35:11;21519540;null;12-9-2021 10:16:00;GL;null
12-9-2021 07:05:12;21519631;null;12-9-2021 10:16:00;null;null
12-9-2021 10:35:12;21519647;18R;12-9-2021 10:16:30;H03;ARTIP
12-9-2021 10:05:12;21519494;null;12-9-2021 10:17:31;null;null
12-9-2021 10:35:12;21519637;18R;12-9-2021 10:18:07;C05;ARTIP
12-9-2021 10:35:12;21519629;23;12-9-2021 10:19:49;J;null
12-9-2021 07:50:13;21519744;null;12-9-2021 10:20:00;null;null
12-9-2021 10:35:15;21519785;24;12-9-2021 10:22:00;null;null
12-9-2021 10:35:14;21519635;18R;12-9-2021 10:22:30;R80;SUGOL
12-9-2021 10:35:14;21519822;23;12-9-2021 10:23:00;null;null
12-9-2021 10:35:15;21519964;23;12-9-2021 10:24:00;null;null
12-9-2021 10:35:15;21519638;18R;12-9-2021 10:24:23;D04;SUGOL
12-9-2021 09:50:15;21519849;null;12-9-2021 10:24:32;null;null
12-9-2021 10:35:16;21519599;18R;12-9-2021 10:26:47;A42;SUGOL
12-9-2021 10:35:15;21519539;23;12-9-2021 10:27:00;null;null
12-9-2021 10:35:16;21519617;18R;12-9-2021 10:28:08;A32;ARTIP
12-9-2021 10:05:13;21519900;null;12-9-2021 10:28:51;null;null
12-9-2021 10:35:16;21519595;24;12-9-2021 10:29:00;null;null
12-9-2021 10:50:12;21519636;18R;12-9-2021 10:29:30;B36;RIVER
12-9-2021 06:50:11;21519592;null;12-9-2021 10:30:00;null;null
12-9-2021 08:35:12;21519827;null;12-9-2021 10:30:00;null;null
12-9-2021 10:50:12;21519648;18R;12-9-2021 10:31:10;C18;ARTIP
12-9-2021 10:05:14;21519677;null;12-9-2021 10:33:15;null;null
12-9-2021 10:50:13;21519687;18R;12-9-2021 10:33:25;H06;RIVER
12-9-2021 10:50:13;21519659;21;12-9-2021 10:34:56;S3;null
12-9-2021 09:35:15;21519840;null;12-9-2021 10:37:00;null;null
12-9-2021 10:50:15;21519604;22;12-9-2021 10:37:01;GL;ARTIP
12-9-2021 10:50:14;21519674;24;12-9-2021 10:37:20;C2;null
12-9-2021 10:50:15;21519634;18R;12-9-2021 10:37:49;A53;ARTIP
12-9-2021 10:20:12;21519624;null;12-9-2021 10:38:54;null;null
12-9-2021 10:50:15;21519695;24;12-9-2021 10:40:59;JA;null
12-9-2021 10:50:16;21519667;22;12-9-2021 10:42:05;D2;null
12-9-2021 10:50:16;21519642;21;12-9-2021 10:42:32;null;null
12-9-2021 10:05:14;21519623;null;12-9-2021 10:44:24;null;null
12-9-2021 06:50:11;21519589;null;12-9-2021 10:45:00;null;null
12-9-2021 11:05:12;21519697;36R;12-9-2021 10:46:15;D47;RIVER
12-9-2021 10:20:12;21519862;null;12-9-2021 10:48:00;null;null
12-9-2021 11:05:13;21519717;23;12-9-2021 10:48:08;A14;null
12-9-2021 11:05:13;21519658;36R;12-9-2021 10:48:29;D49;SUGOL
12-9-2021 10:05:13;21519920;null;12-9-2021 10:49:53;null;null
12-9-2021 11:05:14;21519729;36R;12-9-2021 10:50:05;GL;ARTIP
12-9-2021 10:05:14;21519733;null;12-9-2021 10:51:00;null;null
12-9-2021 11:05:15;21519675;36R;12-9-2021 10:52:12;F03;SUGOL
12-9-2021 11:05:16;21519875;24;12-9-2021 10:54:00;null;null
12-9-2021 10:50:12;21520056;null;12-9-2021 10:54:00;null;null
12-9-2021 11:05:16;21519668;36R;12-9-2021 10:54:33;C08;RIVER
12-9-2021 09:35:13;21519788;23;12-9-2021 10:55:00;null;null
12-9-2021 11:05:17;21519720;36R;12-9-2021 10:56:03;G03;SUGOL
12-9-2021 11:05:18;21519719;36R;12-9-2021 10:58:27;C10;RIVER
12-9-2021 07:20:12;21519657;null;12-9-2021 11:00:00;null;null
12-9-2021 08:20:10;21519799;null;12-9-2021 11:00:00;null;null
12-9-2021 11:20:11;21519681;36C;12-9-2021 11:00:18;H05;RIVER
12-9-2021 11:20:12;21519722;36R;12-9-2021 11:01:38;B32;ARTIP
12-9-2021 11:20:13;21519716;36C;12-9-2021 11:02:57;B23;RIVER
12-9-2021 11:20:13;21519692;36R;12-9-2021 11:04:03;G02;ARTIP
12-9-2021 11:20:13;21519737;24;12-9-2021 11:05:00;B1;null
12-9-2021 11:20:14;21519718;36C;12-9-2021 11:05:28;H02;RIVER
12-9-2021 12:50:18;21519786;23;12-9-2021 11:06:00;null;null
12-9-2021 11:20:14;21519688;36R;12-9-2021 11:06:40;E05;ARTIP
12-9-2021 11:20:15;21519750;36C;12-9-2021 11:07:00;A43;RIVER
12-9-2021 10:20:14;21519863;null;12-9-2021 11:07:22;null;null
12-9-2021 11:20:15;21519746;36C;12-9-2021 11:08:38;A45;RIVER
12-9-2021 11:20:15;21519708;36R;12-9-2021 11:08:47;R81;ARTIP
12-9-2021 11:20:16;21519736;36C;12-9-2021 11:10:10;C15;RIVER
12-9-2021 11:20:16;21519730;36R;12-9-2021 11:11:02;C13;ARTIP
12-9-2021 11:20:17;21519745;36C;12-9-2021 11:11:41;D57;RIVER
12-9-2021 11:20:17;21519710;36R;12-9-2021 11:12:28;C14;ARTIP
12-9-2021 11:20:16;21519715;22;12-9-2021 11:13:00;GL;null
12-9-2021 11:20:17;21519683;23;12-9-2021 11:13:00;I3;null
12-9-2021 11:20:17;21519740;36C;12-9-2021 11:13:27;D41;SUGOL
12-9-2021 11:35:11;21519741;36R;12-9-2021 11:14:05;A52;ARTIP
12-9-2021 10:20:16;21520013;null;12-9-2021 11:15:00;null;null
12-9-2021 11:35:11;21519747;36C;12-9-2021 11:15:02;C11;RIVER
12-9-2021 11:35:11;21519742;36R;12-9-2021 11:15:37;A63;ARTIP
12-9-2021 11:35:12;21519766;36C;12-9-2021 11:16:22;D05;RIVER
12-9-2021 11:35:12;21519769;36R;12-9-2021 11:17:19;A33;ARTIP
12-9-2021 11:35:12;21519743;36C;12-9-2021 11:18:00;D03;RIVER
12-9-2021 11:05:14;21520129;null;12-9-2021 11:18:00;null;null
12-9-2021 11:35:13;21519751;36R;12-9-2021 11:18:41;D52;ARTIP
12-9-2021 11:35:14;21519764;36R;12-9-2021 11:20:21;B31;ARTIP
12-9-2021 11:35:14;21519767;36C;12-9-2021 11:21:39;S94;SUGOL
12-9-2021 11:35:14;21519727;36R;12-9-2021 11:21:58;C06;ARTIP
12-9-2021 08:50:13;21519673;null;12-9-2021 11:22:00;null;null
12-9-2021 11:35:14;21519848;24;12-9-2021 11:22:09;HGR;null
12-9-2021 11:35:14;21520114;24;12-9-2021 11:23:21;X;null
12-9-2021 11:35:15;21519793;36R;12-9-2021 11:24:00;A35;ARTIP
12-9-2021 11:35:15;21519756;36C;12-9-2021 11:24:01;A46;SUGOL
12-9-2021 11:35:16;21519780;36C;12-9-2021 11:25:22;D54;RIVER
12-9-2021 09:05:12;21519758;null;12-9-2021 11:26:12;R74;ARTIP
12-9-2021 11:35:16;21519770;36R;12-9-2021 11:26:24;D43;ARTIP
12-9-2021 11:35:17;21519732;36C;12-9-2021 11:27:02;B28;SUGOL
12-9-2021 11:35:17;21519847;23;12-9-2021 11:28:00;null;null
12-9-2021 11:35:16;21519726;21;12-9-2021 11:28:13;AZS;null
12-9-2021 11:35:17;21519698;36C;12-9-2021 11:28:24;A34;SUGOL
12-9-2021 11:50:10;21519808;36R;12-9-2021 11:28:32;G07;ARTIP
12-9-2021 11:50:11;21519768;36C;12-9-2021 11:29:52;A51;RIVER
12-9-2021 11:50:11;21519591;23;12-9-2021 11:30:00;null;null
12-9-2021 11:50:16;21519711;null;12-9-2021 11:30:00;null;null
12-9-2021 09:05:13;21519891;null;12-9-2021 11:30:00;null;null
12-9-2021 09:35:11;21519939;null;12-9-2021 11:30:00;null;null
12-9-2021 11:50:16;21520105;null;12-9-2021 11:30:00;null;null
12-9-2021 11:50:11;21520156;24;12-9-2021 11:30:43;null;null
12-9-2021 11:50:11;21519771;36R;12-9-2021 11:30:52;B24;ARTIP
12-9-2021 11:50:12;21519784;36C;12-9-2021 11:31:29;A41;SUGOL
12-9-2021 11:50:12;21519795;36R;12-9-2021 11:32:16;B16;ARTIP
12-9-2021 11:50:12;21519800;21;12-9-2021 11:32:44;S8;null
12-9-2021 11:50:13;21519781;36C;12-9-2021 11:33:11;D16;SUGOL
12-9-2021 11:50:13;21519774;36R;12-9-2021 11:33:49;G06;ARTIP
12-9-2021 11:50:13;21519621;23;12-9-2021 11:35:00;null;null
12-9-2021 11:50:13;21519857;21;12-9-2021 11:35:11;D3;null
12-9-2021 11:50:13;21519816;24;12-9-2021 11:35:19;JA;null
12-9-2021 11:50:14;21519721;36C;12-9-2021 11:35:56;A44;SUGOL
12-9-2021 11:50:14;21519762;36R;12-9-2021 11:36:01;C12;ARTIP
12-9-2021 11:50:14;21519772;36C;12-9-2021 11:37:19;A54;RIVER
12-9-2021 11:50:14;21519843;24;12-9-2021 11:37:52;JA;null
12-9-2021 11:50:15;21519820;36R;12-9-2021 11:37:55;D55;ARTIP
12-9-2021 11:50:15;21519783;36R;12-9-2021 11:39:18;B35;ARTIP
12-9-2021 11:50:16;21519809;36R;12-9-2021 11:40:41;C16;ARTIP
12-9-2021 11:50:17;21519699;36R;12-9-2021 11:42:22;D14;ARTIP
12-9-2021 12:05:11;21519823;36R;12-9-2021 11:43:38;F04;ARTIP
12-9-2021 12:05:12;21519834;36R;12-9-2021 11:45:32;R82;ARTIP
12-9-2021 11:05:12;21519650;null;12-9-2021 11:45:34;null;null
12-9-2021 12:05:11;21519923;21;12-9-2021 11:46:51;null;null
12-9-2021 12:05:12;21519804;36R;12-9-2021 11:47:42;D51;SUGOL
12-9-2021 12:05:12;21519842;21;12-9-2021 11:49:25;S2;null
12-9-2021 12:05:13;21519836;36R;12-9-2021 11:49:26;A42;RIVER
12-9-2021 12:05:14;21519810;36R;12-9-2021 11:52:24;E17;RIVER
12-9-2021 12:05:14;21519841;21;12-9-2021 11:52:52;AZ;null
12-9-2021 11:35:15;21520110;null;12-9-2021 11:54:05;null;null
12-9-2021 12:05:15;21519838;36R;12-9-2021 11:54:58;C07;RIVER
12-9-2021 08:35:13;21519845;24;12-9-2021 11:56:00;null;null
12-9-2021 12:05:15;21519794;24;12-9-2021 11:56:02;null;null
12-9-2021 12:05:15;21519824;21;12-9-2021 11:56:08;S1;null
12-9-2021 12:20:11;21519855;36R;12-9-2021 11:59:08;B27;RIVER
12-9-2021 12:20:11;21519872;36R;12-9-2021 12:01:00;C08;ARTIP
12-9-2021 12:20:11;21520067;04;12-9-2021 12:02:00;HG0;null
12-9-2021 12:20:13;21519869;36R;12-9-2021 12:03:53;H01;SUGOL
12-9-2021 12:20:12;21519860;21;12-9-2021 12:04:10;S3;null
12-9-2021 12:20:12;21520212;23;12-9-2021 12:05:00;null;null
12-9-2021 12:20:13;21519850;23;12-9-2021 12:06:00;F;null
12-9-2021 12:20:13;21519835;36R;12-9-2021 12:06:18;D56;ARTIP
12-9-2021 12:20:13;21519904;21;12-9-2021 12:07:19;S9;null
12-9-2021 12:20:14;21519866;36R;12-9-2021 12:08:38;E04;ARTIP
12-9-2021 12:20:15;21519594;23;12-9-2021 12:09:00;null;null
12-9-2021 12:20:14;21519868;21;12-9-2021 12:09:10;S6;null
12-9-2021 12:20:14;21520286;24;12-9-2021 12:09:50;null;null
12-9-2021 12:05:11;21520167;null;12-9-2021 12:10:00;null;null
12-9-2021 12:20:15;21519861;36R;12-9-2021 12:10:29;B20;ARTIP
12-9-2021 12:20:15;21519876;21;12-9-2021 12:10:53;null;null
12-9-2021 11:35:15;21519947;null;12-9-2021 12:11:04;null;null
12-9-2021 08:05:13;21519782;24;12-9-2021 12:12:00;null;null
12-9-2021 12:20:16;21519905;36R;12-9-2021 12:12:11;F06;ARTIP
12-9-2021 11:35:17;21519953;null;12-9-2021 12:15:00;null;null
12-9-2021 12:35:11;21520011;24;12-9-2021 12:15:40;null;null
12-9-2021 12:35:12;21519906;36R;12-9-2021 12:16:01;D43;ARTIP
12-9-2021 12:35:12;21519498;23;12-9-2021 12:17:07;CLU;null
12-9-2021 12:35:12;21519922;21;12-9-2021 12:17:16;S4;null
12-9-2021 12:35:13;21519837;36R;12-9-2021 12:17:30;GL;RIVER
12-9-2021 12:35:13;21519885;24;12-9-2021 12:19:30;JA;null
12-9-2021 12:35:13;21519889;36R;12-9-2021 12:19:31;E03;SUGOL
12-9-2021 12:35:13;21519884;23;12-9-2021 12:19:44;null;null
12-9-2021 11:35:12;21520127;null;12-9-2021 12:20:00;null;null
12-9-2021 12:35:14;21519890;36R;12-9-2021 12:21:50;B15;SUGOL
12-9-2021 12:35:14;21519894;24;12-9-2021 12:22:55;D1;null
12-9-2021 12:35:15;21519867;36R;12-9-2021 12:23:54;D04;RIVER
12-9-2021 12:35:15;21519893;21;12-9-2021 12:24:21;S10;null
12-9-2021 12:35:16;21519880;36R;12-9-2021 12:25:06;GL;ARTIP
12-9-2021 12:35:16;21519898;36R;12-9-2021 12:26:34;D49;RIVER
12-9-2021 12:35:17;21519871;36R;12-9-2021 12:28:22;H03;SUGOL
12-9-2021 12:50:12;21519918;36R;12-9-2021 12:29:35;H07;RIVER
12-9-2021 08:50:12;21519853;null;12-9-2021 12:30:00;null;null
12-9-2021 09:05:11;21519883;null;12-9-2021 12:30:00;null;null
12-9-2021 11:20:15;21520191;null;12-9-2021 12:30:00;null;null
12-9-2021 12:50:13;21519856;36R;12-9-2021 12:31:21;B17;SUGOL
12-9-2021 11:50:11;21520058;null;12-9-2021 12:31:23;null;null
12-9-2021 12:50:13;21519909;24;12-9-2021 12:33:43;L;null
12-9-2021 09:50:12;21519801;null;12-9-2021 12:34:00;null;null
12-9-2021 12:50:14;21520160;24;12-9-2021 12:35:17;null;null
12-9-2021 13:20:11;21520068;24;12-9-2021 12:36:00;null;null
12-9-2021 13:35:11;21520200;null;12-9-2021 12:40:00;null;null
12-9-2021 12:50:17;21519895;21;12-9-2021 12:41:20;AZS;null
12-9-2021 12:50:18;21519888;36R;12-9-2021 12:42:41;GL;ARTIP
12-9-2021 12:50:18;21520104;23;12-9-2021 12:44:51;null;null
12-9-2021 12:50:18;21520197;null;12-9-2021 12:45:00;null;null
12-9-2021 13:05:11;21519932;36R;12-9-2021 12:45:04;A44;RIVER
12-9-2021 13:05:11;21520018;23;12-9-2021 12:46:00;null;null
12-9-2021 13:05:11;21520229;23;12-9-2021 12:46:41;H;null
12-9-2021 13:05:13;21519938;36R;12-9-2021 12:47:58;D07;ARTIP
12-9-2021 13:05:13;21519942;36R;12-9-2021 12:49:30;S82;SUGOL
12-9-2021 13:05:13;21520228;23;12-9-2021 12:49:54;F;null
12-9-2021 13:05:13;21520385;23;12-9-2021 12:51:19;F;null
12-9-2021 13:20:09;21519542;24;12-9-2021 12:52:00;null;null
12-9-2021 13:05:15;21519970;36R;12-9-2021 12:52:21;B23;ARTIP
12-9-2021 13:05:14;21520347;23;12-9-2021 12:53:22;null;null
12-9-2021 13:05:15;21519976;36R;12-9-2021 12:53:56;B32;RIVER
12-9-2021 12:35:15;21520287;null;12-9-2021 12:55:00;null;null
12-9-2021 13:05:16;21519917;36R;12-9-2021 12:55:20;G08;ARTIP
12-9-2021 13:05:17;21519936;36R;12-9-2021 12:56:52;C09;ARTIP
12-9-2021 13:05:16;21519959;21;12-9-2021 12:57:25;GA2;null
12-9-2021 13:20:09;21519982;36R;12-9-2021 12:58:31;H02;SUGOL
12-9-2021 13:05:17;21519444;24;12-9-2021 12:59:00;null;null
12-9-2021 13:20:10;21519952;36R;12-9-2021 12:59:47;R80;ARTIP
12-9-2021 13:20:10;21519907;24;12-9-2021 13:01:00;null;null
12-9-2021 14:50:16;21519940;null;12-9-2021 13:01:00;null;null
12-9-2021 13:20:11;21519926;36R;12-9-2021 13:01:39;F08;SUGOL
12-9-2021 13:20:12;21519971;36R;12-9-2021 13:04:23;G04;ARTIP
12-9-2021 13:20:12;21519881;21;12-9-2021 13:05:27;null;null
12-9-2021 13:20:12;21520001;21;12-9-2021 13:05:47;S8;null
12-9-2021 13:20:13;21519969;36R;12-9-2021 13:06:29;GL;RIVER
12-9-2021 13:20:14;21519961;36C;12-9-2021 13:07:58;D03;RIVER
12-9-2021 13:20:13;21520368;24;12-9-2021 13:08:00;X;null
12-9-2021 13:20:14;21519954;36R;12-9-2021 13:09:06;D18;ARTIP
12-9-2021 13:20:15;21519986;36C;12-9-2021 13:09:53;C18;RIVER
12-9-2021 13:20:15;21519937;36R;12-9-2021 13:10:59;E06;ARTIP
12-9-2021 13:20:16;21520052;36C;12-9-2021 13:12:37;A64;SUGOL
12-9-2021 13:20:16;21520000;36R;12-9-2021 13:12:57;A32;ARTIP
12-9-2021 13:20:16;21520140;23;12-9-2021 13:14:11;null;null
12-9-2021 13:35:11;21520047;36C;12-9-2021 13:14:22;A45;RIVER
12-9-2021 13:35:11;21519999;36R;12-9-2021 13:14:56;C06;ARTIP
12-9-2021 12:50:11;21520250;null;12-9-2021 13:15:09;null;null
12-9-2021 13:35:11;21520031;36C;12-9-2021 13:15:35;C12;RIVER
12-9-2021 13:35:12;21520012;36C;12-9-2021 13:17:06;C05;RIVER
12-9-2021 13:35:12;21520022;24;12-9-2021 13:18:00;null;null
12-9-2021 13:35:13;21520009;36R;12-9-2021 13:18:49;C13;ARTIP
12-9-2021 13:35:13;21520016;36C;12-9-2021 13:19:06;C15;RIVER
12-9-2021 13:35:12;21519948;23;12-9-2021 13:19:21;J;null
12-9-2021 13:35:13;21520251;23;12-9-2021 13:19:40;null;null
12-9-2021 09:20:10;21519912;null;12-9-2021 13:20:00;null;null
12-9-2021 13:35:13;21520062;21;12-9-2021 13:20:29;S2;null
12-9-2021 13:35:13;21520267;23;12-9-2021 13:20:32;null;null
12-9-2021 13:35:14;21520005;36R;12-9-2021 13:20:48;A53;ARTIP
12-9-2021 13:35:14;21520053;36C;12-9-2021 13:21:04;D57;RIVER
12-9-2021 13:35:14;21520057;23;12-9-2021 13:22:02;H;null
12-9-2021 13:35:15;21520081;36C;12-9-2021 13:23:12;S84;SUGOL
12-9-2021 13:35:14;21519908;null;12-9-2021 13:24:00;GL;null
12-9-2021 13:35:15;21519955;23;12-9-2021 13:24:53;F;null
12-9-2021 10:35:13;21520106;null;12-9-2021 13:25:00;null;null
12-9-2021 13:35:15;21520139;null;12-9-2021 13:25:00;HG0;null
12-9-2021 13:35:16;21520020;36C;12-9-2021 13:25:27;C14;RIVER
12-9-2021 13:35:16;21520161;23;12-9-2021 13:26:00;null;null
12-9-2021 13:35:16;21520050;36R;12-9-2021 13:26:26;B31;ARTIP
12-9-2021 13:35:16;21520355;24;12-9-2021 13:27:28;HGR;null
12-9-2021 13:35:17;21519997;36R;12-9-2021 13:27:35;C10;ARTIP
12-9-2021 10:35:13;21520108;null;12-9-2021 13:28:00;null;null
12-9-2021 13:35:16;21520038;23;12-9-2021 13:28:11;null;null
12-9-2021 13:35:17;21520019;36C;12-9-2021 13:28:17;A43;RIVER
12-9-2021 13:35:17;21520033;21;12-9-2021 13:29:03;S4;null
12-9-2021 13:50:11;21520091;36C;12-9-2021 13:29:50;A34;RIVER
12-9-2021 08:50:12;21519854;null;12-9-2021 13:30:00;null;null
12-9-2021 13:50:11;21520073;36C;12-9-2021 13:31:23;A46;RIVER
12-9-2021 13:50:12;21520071;36R;12-9-2021 13:31:28;B27;ARTIP
12-9-2021 13:50:11;21519914;23;12-9-2021 13:32:00;null;null
12-9-2021 13:05:14;21520326;null;12-9-2021 13:32:25;null;null
12-9-2021 13:50:12;21520025;36R;12-9-2021 13:33:01;B24;ARTIP
12-9-2021 13:50:13;21520032;36R;12-9-2021 13:34:13;B28;ARTIP
12-9-2021 10:20:11;21520040;null;12-9-2021 13:35:00;null;null
12-9-2021 13:50:13;21520078;36R;12-9-2021 13:35:29;A75;ARTIP
12-9-2021 13:50:13;21520069;36R;12-9-2021 13:36:34;D05;RIVER
12-9-2021 13:50:14;21520168;24;12-9-2021 13:38:00;HGR;null
12-9-2021 13:50:14;21520008;null;12-9-2021 13:38:00;null;null
12-9-2021 13:50:14;21520082;04;12-9-2021 13:38:05;GL;ARTIP
12-9-2021 13:50:15;21520101;36R;12-9-2021 13:39:03;B36;RIVER
12-9-2021 13:50:15;21520023;36R;12-9-2021 13:40:14;B15;ARTIP
12-9-2021 13:50:16;21520077;36R;12-9-2021 13:41:29;D43;ARTIP
12-9-2021 13:50:16;21520094;36R;12-9-2021 13:43:01;B16;ARTIP
12-9-2021 13:50:16;21519977;24;12-9-2021 13:43:56;null;null
12-9-2021 14:05:11;21520048;36R;12-9-2021 13:43:56;D10;ARTIP
12-9-2021 10:50:12;21520124;null;12-9-2021 13:45:00;null;null
12-9-2021 14:05:11;21520066;36R;12-9-2021 13:45:42;D47;RIVER
12-9-2021 14:05:12;21520054;36R;12-9-2021 13:47:00;G02;ARTIP
12-9-2021 14:05:12;21520079;36R;12-9-2021 13:48:30;D41;ARTIP
12-9-2021 14:05:13;21520109;36R;12-9-2021 13:49:51;A35;ARTIP
12-9-2021 14:05:12;21520321;23;12-9-2021 13:50:03;null;null
12-9-2021 14:05:13;21520010;24;12-9-2021 13:50:24;B3;null
12-9-2021 14:05:13;21520155;21;12-9-2021 13:50:36;B1;null
12-9-2021 14:05:13;21520028;36R;12-9-2021 13:51:19;A51;ARTIP
12-9-2021 14:05:14;21520074;36R;12-9-2021 13:52:30;A73;ARTIP
12-9-2021 14:05:14;21520092;36R;12-9-2021 13:53:49;H01;ARTIP
12-9-2021 14:05:15;21520103;36R;12-9-2021 13:55:09;A62;SUGOL
12-9-2021 14:05:15;21520254;23;12-9-2021 13:55:48;null;null
12-9-2021 14:05:16;21520049;36R;12-9-2021 13:56:33;A74;SUGOL
12-9-2021 12:50:18;21520041;null;12-9-2021 13:57:00;null;null
12-9-2021 14:05:16;21520051;36R;12-9-2021 13:57:29;D24;ARTIP
12-9-2021 14:20:11;21520115;36R;12-9-2021 13:59:06;H03;SUGOL
12-9-2021 14:20:11;21520198;23;12-9-2021 14:00:00;null;null
12-9-2021 14:20:10;21520460;24;12-9-2021 14:00:01;null;null
12-9-2021 14:20:10;21520004;23;12-9-2021 14:00:23;null;null
12-9-2021 14:20:11;21520076;36R;12-9-2021 14:00:30;B92;RIVER
12-9-2021 14:20:12;21520088;36R;12-9-2021 14:01:49;A72;SUGOL
12-9-2021 14:20:11;21520169;21;12-9-2021 14:02:34;AZ;null
12-9-2021 14:20:12;21520111;36R;12-9-2021 14:03:05;F07;SUGOL
12-9-2021 14:20:12;21520446;23;12-9-2021 14:04:52;null;null
12-9-2021 14:05:11;21520322;null;12-9-2021 14:05:00;null;null
12-9-2021 14:20:13;21520107;36R;12-9-2021 14:05:31;H04;RIVER
12-9-2021 14:20:14;21520132;36R;12-9-2021 14:07:00;B35;ARTIP
12-9-2021 13:35:10;21520313;null;12-9-2021 14:08:11;null;null
12-9-2021 14:20:15;21520123;36R;12-9-2021 14:09:01;E04;ARTIP
12-9-2021 14:20:16;21520134;36R;12-9-2021 14:11:37;D51;ARTIP
12-9-2021 14:35:14;21519761;null;12-9-2021 14:13:00;null;null
12-9-2021 14:20:16;21520171;23;12-9-2021 14:13:19;CLU;null
12-9-2021 14:35:12;21519874;36R;12-9-2021 14:13:36;B32;ARTIP
12-9-2021 14:20:16;21520136;24;12-9-2021 14:14:13;null;null
12-9-2021 14:20:16;21520147;24;12-9-2021 14:14:48;null;null
12-9-2021 14:20:16;21520265;21;12-9-2021 14:14:53;AZS;null
12-9-2021 14:35:15;21520118;24;12-9-2021 14:18:00;null;null
12-9-2021 13:50:12;21520422;null;12-9-2021 14:18:30;null;null
12-9-2021 13:50:14;21520125;null;12-9-2021 14:20:00;null;null
12-9-2021 14:35:15;21520164;36R;12-9-2021 14:20:58;G07;RIVER
12-9-2021 13:50:15;21520148;null;12-9-2021 14:21:55;null;null
12-9-2021 14:35:15;21520468;24;12-9-2021 14:22:00;null;null
12-9-2021 13:35:14;21520338;null;12-9-2021 14:22:40;null;null
12-9-2021 14:35:15;21520166;36R;12-9-2021 14:23:05;D16;ARTIP
12-9-2021 13:20:12;21520427;null;12-9-2021 14:24:00;null;null
12-9-2021 14:35:17;21520184;36R;12-9-2021 14:26:21;D04;ARTIP
12-9-2021 12:35:16;21520299;null;12-9-2021 14:31:12;C07;RIVER
12-9-2021 14:50:11;21520246;21;12-9-2021 14:31:42;null;null
12-9-2021 14:50:11;21520320;23;12-9-2021 14:31:54;F;null
12-9-2021 14:20:16;21520090;null;12-9-2021 14:32:52;null;null
12-9-2021 14:50:13;21520213;36R;12-9-2021 14:34:56;H06;ARTIP
12-9-2021 14:50:13;21520215;24;12-9-2021 14:35:00;C1;null
12-9-2021 12:20:15;21519753;null;12-9-2021 14:35:59;C07;RIVER
12-9-2021 14:50:14;21520203;36R;12-9-2021 14:36:08;D49;RIVER
12-9-2021 14:35:16;21520225;null;12-9-2021 14:37:02;null;null
12-9-2021 14:50:14;21520190;36R;12-9-2021 14:37:39;S82;SUGOL
12-9-2021 14:50:14;21520224;23;12-9-2021 14:38:22;I3;null
12-9-2021 14:50:15;21520372;36R;12-9-2021 14:39:58;C07;RIVER
12-9-2021 14:50:16;21520180;36R;12-9-2021 14:41:07;G05;ARTIP
12-9-2021 12:35:15;21520351;null;12-9-2021 14:43:00;null;null
12-9-2021 14:50:16;21520242;24;12-9-2021 14:43:04;null;null
12-9-2021 14:50:17;21520244;36R;12-9-2021 14:43:07;S79;ARTIP
12-9-2021 14:50:16;21520263;21;12-9-2021 14:43:38;9;null
12-9-2021 14:50:16;21520337;23;12-9-2021 14:43:41;null;null
12-9-2021 07:20:13;21519671;null;12-9-2021 14:45:00;null;null
12-9-2021 11:05:11;21520150;null;12-9-2021 14:45:00;null;null
12-9-2021 15:05:11;21520201;36R;12-9-2021 14:45:18;D54;RIVER
12-9-2021 15:05:10;21520089;23;12-9-2021 14:45:21;F;null
12-9-2021 15:05:10;21520252;24;12-9-2021 14:45:22;B2;null
12-9-2021 15:05:11;21520306;21;12-9-2021 14:46:40;null;null
12-9-2021 15:05:12;21520216;36R;12-9-2021 14:47:34;GL;RIVER
12-9-2021 15:05:12;21520223;36R;12-9-2021 14:49:19;H02;RIVER
12-9-2021 15:05:13;21520187;36R;12-9-2021 14:50:52;A33;SUGOL
12-9-2021 13:50:16;21520377;null;12-9-2021 14:52:00;null;null
12-9-2021 15:05:14;21520202;36R;12-9-2021 14:52:11;C16;ARTIP
12-9-2021 15:05:14;21520214;36R;12-9-2021 14:53:53;G06;ARTIP
12-9-2021 15:05:15;21520117;36R;12-9-2021 14:55:36;B20;ARTIP
12-9-2021 15:05:14;21520154;21;12-9-2021 14:55:51;6;null
12-9-2021 15:05:16;21520245;36R;12-9-2021 14:56:57;D52;ARTIP
12-9-2021 15:05:16;21520170;23;12-9-2021 14:58:16;I3;null
12-9-2021 15:05:16;21520275;21;12-9-2021 14:58:23;10;null
12-9-2021 15:20:12;21520277;36R;12-9-2021 14:59:00;GL;RIVER
12-9-2021 15:20:13;21520208;36R;12-9-2021 15:00:58;S72;SUGOL
12-9-2021 14:35:12;21520414;null;12-9-2021 15:01:13;null;null
12-9-2021 11:20:14;21520188;null;12-9-2021 15:02:24;null;ARTIP
12-9-2021 15:20:13;21520211;04;12-9-2021 15:03:00;GL;null
12-9-2021 15:20:15;21520248;21;12-9-2021 15:06:20;C5s;null
12-9-2021 15:20:15;21520692;23;12-9-2021 15:07:00;C1;null
12-9-2021 15:20:15;21520415;24;12-9-2021 15:07:03;null;null
12-9-2021 15:20:15;21520280;21;12-9-2021 15:07:11;3;null
12-9-2021 14:05:16;21520561;null;12-9-2021 15:08:00;null;null
12-9-2021 14:05:13;21520542;null;12-9-2021 15:08:06;null;null
12-9-2021 15:20:16;21520255;36R;12-9-2021 15:08:18;D03;RIVER
12-9-2021 15:20:16;21520380;23;12-9-2021 15:09:17;C1;null
12-9-2021 15:20:16;21520261;23;12-9-2021 15:09:55;null;null
12-9-2021 15:20:17;21520276;36R;12-9-2021 15:10:20;H01;RIVER
12-9-2021 15:05:15;21520587;null;12-9-2021 15:11:44;null;null
12-9-2021 15:20:17;21520352;23;12-9-2021 15:11:49;H;null
12-9-2021 15:20:17;21520273;21;12-9-2021 15:12:26;7;null
12-9-2021 15:20:17;21520278;36R;12-9-2021 15:12:30;B27;RIVER
12-9-2021 15:20:17;21520531;23;12-9-2021 15:13:38;C1;null
12-9-2021 15:20:18;21520348;23;12-9-2021 15:15:00;null;null
12-9-2021 11:50:10;21520239;null;12-9-2021 15:15:00;null;null
12-9-2021 15:35:13;21520279;36R;12-9-2021 15:17:56;S87;SUGOL
12-9-2021 15:35:14;21520247;36R;12-9-2021 15:21:36;D12;ARTIP
12-9-2021 15:35:13;21520343;23;12-9-2021 15:21:56;G5;null
12-9-2021 13:35:10;21520442;null;12-9-2021 15:24:15;null;null
12-9-2021 15:05:11;21520426;null;12-9-2021 15:25:00;null;null
12-9-2021 15:35:15;21520543;24;12-9-2021 15:25:38;null;null
12-9-2021 15:35:16;21520298;36R;12-9-2021 15:26:09;H03;RIVER
12-9-2021 15:35:15;21520291;21;12-9-2021 15:26:13;5;null
12-9-2021 15:35:15;21520264;23;12-9-2021 15:26:28;null;null
12-9-2021 15:35:16;21520238;23;12-9-2021 15:28:11;null;null
12-9-2021 15:35:16;21520318;36R;12-9-2021 15:28:11;H05;ARTIP
12-9-2021 15:50:11;21520312;36R;12-9-2021 15:29:47;H04;RIVER
12-9-2021 15:35:14;21520297;21;12-9-2021 15:30:00;2;null
12-9-2021 14:35:14;21520634;null;12-9-2021 15:31:00;null;null
12-9-2021 15:50:12;21520511;36R;12-9-2021 15:31:06;C05;RIVER
12-9-2021 15:50:12;21520346;21;12-9-2021 15:31:23;B3;null
12-9-2021 15:50:12;21520494;23;12-9-2021 15:31:56;F;null
12-9-2021 15:20:13;21520510;null;12-9-2021 15:32:00;null;null
12-9-2021 15:50:13;21520259;36R;12-9-2021 15:32:51;D18;SUGOL
12-9-2021 14:50:13;21520519;null;12-9-2021 15:33:00;null;null
12-9-2021 15:50:13;21520319;36R;12-9-2021 15:34:08;G02;SUGOL
12-9-2021 15:50:13;21520588;23;12-9-2021 15:34:39;null;null
12-9-2021 15:50:13;21520495;23;12-9-2021 15:35:39;F;null
12-9-2021 15:50:15;21520370;21;12-9-2021 15:40:05;A1;null
12-9-2021 15:50:12;21520443;null;12-9-2021 15:40:09;null;null
12-9-2021 15:50:15;21520613;24;12-9-2021 15:40:22;L;null
12-9-2021 12:50:18;21520315;null;12-9-2021 15:41:12;C05;RIVER
12-9-2021 16:20:13;21520336;null;12-9-2021 15:42:00;null;null
12-9-2021 15:50:16;21520424;23;12-9-2021 15:43:14;C1;null
12-9-2021 15:50:16;21520282;36R;12-9-2021 15:43:16;S90;ARTIP
12-9-2021 15:50:16;21520685;24;12-9-2021 15:43:18;HGR;null
12-9-2021 15:50:16;21520674;24;12-9-2021 15:44:44;X;null
12-9-2021 16:05:11;21520564;24;12-9-2021 15:45:25;HGR;null
12-9-2021 16:05:12;21520324;36R;12-9-2021 15:45:47;C06;ARTIP
12-9-2021 16:05:12;21520574;21;12-9-2021 15:46:07;AZS;null
12-9-2021 16:05:11;21520610;21;12-9-2021 15:46:14;null;null
12-9-2021 16:05:12;21520611;23;12-9-2021 15:47:04;null;null
12-9-2021 16:05:13;21520341;36R;12-9-2021 15:48:41;D05;ARTIP
12-9-2021 15:50:13;21520362;null;12-9-2021 15:49:54;null;null
12-9-2021 14:35:14;21520633;null;12-9-2021 15:50:46;null;null
12-9-2021 14:35:14;21520635;null;12-9-2021 15:50:46;null;null
12-9-2021 16:05:14;21520356;36R;12-9-2021 15:51:19;C08;RIVER
12-9-2021 16:05:13;21520327;21;12-9-2021 15:52:00;null;null
12-9-2021 16:05:14;21520334;21;12-9-2021 15:52:17;null;null
12-9-2021 16:05:14;21520270;21;12-9-2021 15:52:20;null;null
12-9-2021 16:05:14;21520314;36R;12-9-2021 15:52:59;C12;ARTIP
12-9-2021 16:05:14;21520707;24;12-9-2021 15:53:13;L;null
12-9-2021 16:05:15;21520369;36R;12-9-2021 15:54:19;GL;SUGOL
12-9-2021 16:05:14;21520563;23;12-9-2021 15:54:25;null;null
12-9-2021 16:05:15;21520329;36R;12-9-2021 15:55:57;H02;ARTIP
12-9-2021 16:05:15;21520488;23;12-9-2021 15:57:01;null;null
12-9-2021 16:05:15;21520340;36R;12-9-2021 15:57:26;H06;RIVER
12-9-2021 15:20:17;21520617;null;12-9-2021 15:58:00;null;null
12-9-2021 16:05:15;21520174;23;12-9-2021 15:58:16;null;null
12-9-2021 16:20:12;21520375;36R;12-9-2021 15:59:20;C10;RIVER
12-9-2021 16:20:13;21520373;36R;12-9-2021 16:02:03;GL;RIVER
12-9-2021 16:20:13;21520463;23;12-9-2021 16:03:24;C1;null
12-9-2021 16:50:13;21520359;24;12-9-2021 16:04:00;null;null
12-9-2021 16:20:14;21520345;36R;12-9-2021 16:04:02;GL;ARTIP
12-9-2021 16:20:14;21520435;21;12-9-2021 16:06:14;AZS;null
12-9-2021 16:20:15;21520661;24;12-9-2021 16:08:23;null;null
12-9-2021 16:05:12;21520675;null;12-9-2021 16:10:00;null;null
12-9-2021 15:05:14;21520237;null;12-9-2021 16:10:06;null;null
12-9-2021 16:20:16;21520387;36R;12-9-2021 16:11:07;D57;RIVER
12-9-2021 14:35:15;21520586;null;12-9-2021 16:13:00;null;null
12-9-2021 15:35:16;21520361;null;12-9-2021 16:14:00;null;null
12-9-2021 16:20:14;21520752;null;12-9-2021 16:14:00;null;null
12-9-2021 16:35:11;21520379;36R;12-9-2021 16:14:52;D10;ARTIP
12-9-2021 16:50:12;21519579;24;12-9-2021 16:15:00;null;null
12-9-2021 15:05:14;21520413;null;12-9-2021 16:16:00;null;null
12-9-2021 16:35:11;21520122;23;12-9-2021 16:16:32;null;null
12-9-2021 16:35:12;21520376;36R;12-9-2021 16:16:37;D04;ARTIP
12-9-2021 16:35:12;21520677;23;12-9-2021 16:18:14;C1;null
12-9-2021 16:35:13;21520406;36R;12-9-2021 16:18:58;C09;RIVER
12-9-2021 16:35:13;21520349;36R;12-9-2021 16:20:47;H01;ARTIP
12-9-2021 16:35:13;21520664;null;12-9-2021 16:21:00;HG0;null
12-9-2021 14:50:12;21520541;null;12-9-2021 16:22:00;null;null
12-9-2021 16:35:14;21520388;36R;12-9-2021 16:22:06;B15;RIVER
12-9-2021 16:35:14;21520433;06;12-9-2021 16:22:12;B28;RIVER
12-9-2021 16:35:14;21520389;21;12-9-2021 16:23:51;null;null
12-9-2021 16:35:14;21520390;21;12-9-2021 16:23:54;null;null
12-9-2021 16:35:14;21520709;04;12-9-2021 16:24:05;GL;SUGOL
12-9-2021 13:35:11;21520444;null;12-9-2021 16:25:00;null;null
12-9-2021 16:35:15;21520392;23;12-9-2021 16:26:31;null;null
12-9-2021 15:35:12;21520708;null;12-9-2021 16:27:00;null;null
12-9-2021 16:35:15;21520567;null;12-9-2021 16:28:59;null;null
12-9-2021 16:50:11;21520402;36R;12-9-2021 16:29:27;G02;ARTIP
12-9-2021 15:50:14;21520714;null;12-9-2021 16:30:00;null;null
12-9-2021 16:05:11;21520758;null;12-9-2021 16:30:00;null;null
12-9-2021 14:05:16;21520566;null;12-9-2021 16:30:16;null;null
12-9-2021 16:50:11;21520119;null;12-9-2021 16:31:00;null;null
12-9-2021 16:50:12;21520449;04;12-9-2021 16:31:52;GL;RIVER
12-9-2021 16:50:12;21520637;23;12-9-2021 16:32:44;F;null
12-9-2021 16:50:13;21520693;24;12-9-2021 16:33:00;HGR;null
12-9-2021 16:50:12;21520408;06;12-9-2021 16:33:23;A43;RIVER
12-9-2021 16:50:12;21520398;23;12-9-2021 16:33:53;F;null
12-9-2021 14:20:11;21519925;null;12-9-2021 16:34:00;null;null
12-9-2021 16:50:13;21520423;36R;12-9-2021 16:34:57;D53;RIVER
12-9-2021 16:50:13;21520451;06;12-9-2021 16:36:01;G08;RIVER
12-9-2021 16:50:13;21520403;24;12-9-2021 16:36:26;JA;null
12-9-2021 16:50:13;21520401;36R;12-9-2021 16:36:39;B16;ARTIP
12-9-2021 16:50:13;21520459;21;12-9-2021 16:37:05;AZS;null
12-9-2021 16:50:14;21520469;36R;12-9-2021 16:37:54;R80;ARTIP
12-9-2021 16:50:14;21520425;24;12-9-2021 16:39:45;L;null
12-9-2021 16:50:14;21520434;06;12-9-2021 16:40:00;A44;RIVER
12-9-2021 16:50:14;21520410;36R;12-9-2021 16:40:12;D12;ARTIP
12-9-2021 16:50:15;21520429;36R;12-9-2021 16:41:53;B35;ARTIP
12-9-2021 16:50:14;21520727;23;12-9-2021 16:42:30;H;null
12-9-2021 16:50:15;21520467;06;12-9-2021 16:42:52;D56;RIVER
12-9-2021 17:05:13;21520638;24;12-9-2021 16:43:00;null;null
12-9-2021 17:05:11;21520815;24;12-9-2021 16:43:00;null;null
12-9-2021 16:50:15;21520409;36R;12-9-2021 16:43:22;C15;ARTIP
12-9-2021 16:50:15;21520773;null;12-9-2021 16:44:00;HG0;null
12-9-2021 10:50:14;21519798;23;12-9-2021 16:45:00;null;null
12-9-2021 18:05:14;21520642;null;12-9-2021 16:45:00;null;null
12-9-2021 17:05:11;21520419;36R;12-9-2021 16:45:21;A32;ARTIP
12-9-2021 15:50:13;21520744;null;12-9-2021 16:46:00;null;null
12-9-2021 17:05:11;21520437;06;12-9-2021 16:47:10;C07;RIVER
12-9-2021 17:05:12;21520466;06;12-9-2021 16:49:55;A51;SUGOL
12-9-2021 14:05:15;21520450;null;12-9-2021 16:50:23;GL;SUGOL
12-9-2021 17:50:12;21520366;null;12-9-2021 16:51:00;null;null
12-9-2021 17:05:12;21520480;06;12-9-2021 16:51:09;A46;RIVER
12-9-2021 17:05:12;21520618;23;12-9-2021 16:51:49;G5;null
12-9-2021 17:05:13;21520445;36R;12-9-2021 16:52:03;D95;ARTIP
12-9-2021 17:05:13;21520428;06;12-9-2021 16:52:32;D52;RIVER
12-9-2021 16:05:14;21520779;null;12-9-2021 16:54:00;null;null
12-9-2021 17:05:13;21520447;06;12-9-2021 16:54:11;G07;RIVER
12-9-2021 16:05:14;21520783;null;12-9-2021 16:55:00;null;null
12-9-2021 17:05:14;21520485;06;12-9-2021 16:56:26;A71;RIVER
12-9-2021 17:05:14;21520472;36R;12-9-2021 16:57:03;D02;ARTIP
12-9-2021 17:20:10;21520462;36R;12-9-2021 16:59:01;D55;ARTIP
12-9-2021 17:35:12;21520455;null;12-9-2021 17:00:00;null;null
12-9-2021 17:20:10;21520484;06;12-9-2021 17:00:33;D26;SUGOL
12-9-2021 17:20:11;21520499;36R;12-9-2021 17:00:48;D51;ARTIP
12-9-2021 17:35:12;21520662;null;12-9-2021 17:02:00;null;null
12-9-2021 17:20:11;21520448;06;12-9-2021 17:02:21;B95;RIVER
12-9-2021 17:20:11;21520364;23;12-9-2021 17:02:32;null;null
12-9-2021 17:20:11;21520481;36R;12-9-2021 17:02:34;D14;ARTIP
12-9-2021 17:20:11;21520471;03;12-9-2021 17:03:07;null;null
12-9-2021 17:20:11;21520473;03;12-9-2021 17:03:10;null;null
12-9-2021 17:20:11;21520474;21;12-9-2021 17:03:25;AZS;null
12-9-2021 17:20:11;21520436;06;12-9-2021 17:03:37;B27;RIVER
12-9-2021 17:20:12;21520465;36R;12-9-2021 17:04:52;B17;ARTIP
12-9-2021 17:20:12;21520475;06;12-9-2021 17:06:25;B36;ARTIP
12-9-2021 17:20:12;21520407;36R;12-9-2021 17:06:28;D47;ARTIP
12-9-2021 17:20:13;21520476;36R;12-9-2021 17:08:09;B31;ARTIP
12-9-2021 17:20:13;21520509;06;12-9-2021 17:08:13;C12;RIVER
12-9-2021 17:20:13;21520483;36R;12-9-2021 17:09:37;D07;ARTIP
12-9-2021 17:20:13;21520524;06;12-9-2021 17:09:53;C13;RIVER
12-9-2021 16:50:14;21520532;null;12-9-2021 17:11:00;null;null
12-9-2021 17:20:14;21520497;06;12-9-2021 17:11:31;A74;SUGOL
12-9-2021 17:20:14;21520492;36R;12-9-2021 17:11:33;B94;ARTIP
12-9-2021 17:20:14;21520486;06;12-9-2021 17:13:02;B23;RIVER
12-9-2021 17:20:14;21520464;36R;12-9-2021 17:13:03;G03;ARTIP
12-9-2021 17:20:14;21520518;03;12-9-2021 17:13:48;null;null
12-9-2021 17:35:11;21520513;06;12-9-2021 17:14:26;C11;RIVER
12-9-2021 17:35:12;21520470;36R;12-9-2021 17:14:56;A61;ARTIP
12-9-2021 17:35:12;21520493;06;12-9-2021 17:15:55;A52;ARTIP
12-9-2021 17:35:12;21520506;36R;12-9-2021 17:16:54;E20;ARTIP
12-9-2021 17:35:13;21520546;06;12-9-2021 17:18:55;A45;SUGOL
12-9-2021 17:35:13;21520521;36R;12-9-2021 17:18:59;A53;ARTIP
12-9-2021 17:35:13;21520527;06;12-9-2021 17:20:57;B15;RIVER
12-9-2021 16:20:16;21520814;null;12-9-2021 17:21:00;null;null
12-9-2021 17:35:14;21520554;36R;12-9-2021 17:21:38;C06;ARTIP
12-9-2021 17:35:13;21520759;23;12-9-2021 17:21:43;K;null
12-9-2021 16:50:15;21520718;null;12-9-2021 17:23:07;null;null
12-9-2021 17:35:14;21520533;36R;12-9-2021 17:23:33;D10;ARTIP
12-9-2021 17:35:14;21520580;06;12-9-2021 17:24:31;B32;RIVER
12-9-2021 17:50:12;21520516;null;12-9-2021 17:25:00;null;null
12-9-2021 16:05:11;21520760;null;12-9-2021 17:25:00;null;null
12-9-2021 17:35:14;21520565;03;12-9-2021 17:25:52;null;null
12-9-2021 16:35:11;21520822;null;12-9-2021 17:26:00;null;null
12-9-2021 17:35:15;21520525;06;12-9-2021 17:26:02;D31;SUGOL
12-9-2021 17:35:15;21520568;04;12-9-2021 17:26:21;GL;RIVER
12-9-2021 17:35:15;21520604;06;12-9-2021 17:27:07;E07;SUGOL
12-9-2021 17:35:15;21520539;36R;12-9-2021 17:27:33;C05;ARTIP
12-9-2021 17:35:15;21520869;24;12-9-2021 17:28:00;X;null
12-9-2021 17:50:12;21520479;null;12-9-2021 17:28:00;null;null
12-9-2021 17:50:10;21520540;06;12-9-2021 17:29:02;C16;RIVER
12-9-2021 17:50:10;21520544;36R;12-9-2021 17:29:08;A72;ARTIP
12-9-2021 17:50:11;21520576;36R;12-9-2021 17:30:25;C18;ARTIP
12-9-2021 17:50:11;21520548;06;12-9-2021 17:30:27;A54;SUGOL
12-9-2021 17:50:11;21520503;36R;12-9-2021 17:31:46;E04;ARTIP
12-9-2021 17:50:11;21520594;06;12-9-2021 17:32:03;B24;RIVER
12-9-2021 17:50:11;21520573;23;12-9-2021 17:32:20;C1;null
12-9-2021 17:50:11;21520545;24;12-9-2021 17:32:39;null;null
12-9-2021 17:50:11;21520577;06;12-9-2021 17:33:04;E06;SUGOL
12-9-2021 17:50:11;21520522;36R;12-9-2021 17:33:06;D54;ARTIP
12-9-2021 16:35:14;21520489;null;12-9-2021 17:34:00;null;null
12-9-2021 17:50:12;21520569;06;12-9-2021 17:34:23;A41;SUGOL
12-9-2021 17:50:12;21520558;36R;12-9-2021 17:34:44;D57;RIVER
12-9-2021 16:35:14;21520832;null;12-9-2021 17:35:00;null;null
12-9-2021 17:50:12;21520599;06;12-9-2021 17:35:37;A75;SUGOL
12-9-2021 17:50:12;21520551;36R;12-9-2021 17:36:08;A63;ARTIP
12-9-2021 17:50:12;21520457;24;12-9-2021 17:36:10;D1;null
12-9-2021 17:35:15;21520726;03;12-9-2021 17:36:16;null;null
12-9-2021 17:50:12;21520526;06;12-9-2021 17:36:53;D23;SUGOL
12-9-2021 17:50:12;21520552;36R;12-9-2021 17:37:35;E05;ARTIP
12-9-2021 17:50:13;21520601;06;12-9-2021 17:38:26;D18;SUGOL
12-9-2021 17:50:12;21520557;23;12-9-2021 17:38:55;J;null
12-9-2021 17:50:13;21520584;36R;12-9-2021 17:39:04;A31;ARTIP
12-9-2021 17:50:13;21520597;06;12-9-2021 17:39:48;B93;RIVER
12-9-2021 17:50:13;21520559;36R;12-9-2021 17:41:06;D12;ARTIP
12-9-2021 17:50:13;21520592;06;12-9-2021 17:41:09;A65;SUGOL
12-9-2021 17:50:14;21520602;06;12-9-2021 17:42:26;D27;SUGOL
12-9-2021 14:35:12;21520538;null;12-9-2021 17:43:00;null;null
12-9-2021 18:05:14;21520643;null;12-9-2021 17:43:00;null;null
12-9-2021 18:05:14;21520679;null;12-9-2021 17:43:00;null;null
12-9-2021 15:35:12;21520505;21;12-9-2021 17:43:21;null;null
12-9-2021 18:05:12;21520614;06;12-9-2021 17:43:39;C15;RIVER
12-9-2021 18:05:13;21520612;06;12-9-2021 17:45:04;D28;SUGOL
12-9-2021 18:05:13;21520578;36R;12-9-2021 17:45:19;C08;ARTIP
12-9-2021 16:50:15;21520440;21;12-9-2021 17:46:00;null;null
12-9-2021 18:05:13;21520609;06;12-9-2021 17:46:09;D93;RIVER
12-9-2021 18:05:13;21520579;06;12-9-2021 17:47:30;D53;RIVER
12-9-2021 17:50:13;21520626;null;12-9-2021 17:47:40;null;null
12-9-2021 18:05:13;21520529;36R;12-9-2021 17:47:48;B20;ARTIP
12-9-2021 18:05:13;21520547;06;12-9-2021 17:47:56;JA;null
12-9-2021 18:05:14;21520627;06;12-9-2021 17:49:33;B27;RIVER
12-9-2021 18:05:14;21520624;36R;12-9-2021 17:49:49;H02;ARTIP
12-9-2021 18:35:11;21520575;null;12-9-2021 17:50:00;null;null
12-9-2021 18:35:11;21520660;null;12-9-2021 17:50:00;null;null
12-9-2021 18:05:14;21520556;36R;12-9-2021 17:51:22;C10;ARTIP
12-9-2021 18:05:14;21520619;06;12-9-2021 17:51:48;A35;RIVER
12-9-2021 18:05:14;21520582;36R;12-9-2021 17:52:50;D03;ARTIP
12-9-2021 18:05:14;21520596;06;12-9-2021 17:53:26;A73;SUGOL
12-9-2021 18:05:14;21520628;36R;12-9-2021 17:54:20;D22;ARTIP
12-9-2021 18:05:15;21520621;06;12-9-2021 17:54:51;A34;RIVER
12-9-2021 18:05:15;21520616;36R;12-9-2021 17:55:50;E08;ARTIP
12-9-2021 17:05:10;21520863;null;12-9-2021 17:56:00;null;null
12-9-2021 18:05:15;21520632;06;12-9-2021 17:56:19;D29;SUGOL
12-9-2021 18:05:15;21520600;06;12-9-2021 17:57:39;A62;ARTIP
12-9-2021 18:05:15;21520411;36R;12-9-2021 17:58:25;D25;ARTIP
12-9-2021 18:20:11;21520640;36R;12-9-2021 17:59:55;A55;ARTIP
12-9-2021 09:35:13;21519951;null;12-9-2021 18:00:00;null;null
12-9-2021 18:35:11;21520478;null;12-9-2021 18:00:00;null;null
12-9-2021 18:35:11;21520517;null;12-9-2021 18:00:00;null;null
12-9-2021 18:20:11;21520585;06;12-9-2021 18:00:39;R77;ARTIP
12-9-2021 18:35:12;21520625;null;12-9-2021 18:02:00;null;null
12-9-2021 18:20:11;21520630;36R;12-9-2021 18:03:01;G04;ARTIP
12-9-2021 18:20:11;21520598;06;12-9-2021 18:03:05;A42;SUGOL
12-9-2021 18:20:12;21520623;06;12-9-2021 18:04:23;A64;ARTIP
12-9-2021 18:20:12;21520641;36R;12-9-2021 18:04:26;B16;ARTIP
12-9-2021 18:20:12;21520512;06;12-9-2021 18:05:57;S94;ARTIP
12-9-2021 18:20:12;21520644;36R;12-9-2021 18:06:13;D16;ARTIP
12-9-2021 18:20:12;21520583;03;12-9-2021 18:06:38;null;null
12-9-2021 18:20:12;21520719;23;12-9-2021 18:06:43;H;null
12-9-2021 18:20:12;21520590;36R;12-9-2021 18:07:49;D05;RIVER
12-9-2021 18:20:12;21520648;06;12-9-2021 18:08:52;D04;RIVER
12-9-2021 18:20:12;21520666;24;12-9-2021 18:09:41;L;null
12-9-2021 18:50:11;21520491;null;12-9-2021 18:10:00;null;null
12-9-2021 18:20:13;21520639;36R;12-9-2021 18:10:50;B17;RIVER
12-9-2021 18:20:13;21520658;36R;12-9-2021 18:12:44;B23;ARTIP
12-9-2021 18:35:11;21520665;36R;12-9-2021 18:14:22;H03;RIVER
12-9-2021 17:35:15;21520438;null;12-9-2021 18:15:00;null;null
12-9-2021 18:35:11;21520655;24;12-9-2021 18:15:51;JA;null
12-9-2021 18:35:11;21520678;04;12-9-2021 18:16:37;GL;RIVER
12-9-2021 18:35:12;21520695;04;12-9-2021 18:19:23;GL;RIVER
12-9-2021 18:35:12;21520649;36R;12-9-2021 18:20:28;H01;RIVER
12-9-2021 18:35:12;21520668;36R;12-9-2021 18:22:37;A74;ARTIP
12-9-2021 18:35:12;21520696;06;12-9-2021 18:23:55;B15;RIVER
12-9-2021 18:35:12;21520663;24;12-9-2021 18:25:33;HGR;null
12-9-2021 18:35:13;21520687;06;12-9-2021 18:26:29;G08;RIVER
12-9-2021 18:35:13;21520645;24;12-9-2021 18:28:35;JA;null
12-9-2021 18:50:11;21520691;06;12-9-2021 18:31:09;D10;SUGOL
12-9-2021 18:50:11;21520607;24;12-9-2021 18:32:37;JA;null
12-9-2021 19:05:12;21520697;06;12-9-2021 18:44:29;A71;RIVER
12-9-2021 19:05:13;21520704;06;12-9-2021 18:49:25;A63;RIVER
12-9-2021 19:05:14;21520703;06;12-9-2021 18:57:31;C05;SUGOL
12-9-2021 19:20:14;21520785;04;12-9-2021 19:02:56;GL;RIVER
12-9-2021 19:20:14;21520750;06;12-9-2021 19:03:54;H05;SUGOL
12-9-2021 19:05:13;21520761;03;12-9-2021 19:06:27;null;null
12-9-2021 19:20:15;21520713;06;12-9-2021 19:11:58;H02;SUGOL
12-9-2021 17:35:12;21520890;null;12-9-2021 19:12:03;null;null
12-9-2021 19:20:15;21520712;06;12-9-2021 19:13:25;H06;ARTIP
12-9-2021 19:35:12;21520749;06;12-9-2021 19:18:52;B28;RIVER
12-9-2021 19:35:12;21520774;03;12-9-2021 19:21:32;AZS;null
12-9-2021 19:35:12;21520793;06;12-9-2021 19:21:35;B20;RIVER
12-9-2021 19:35:12;21520772;06;12-9-2021 19:23:29;S79;SUGOL
12-9-2021 19:35:13;21520778;06;12-9-2021 19:26:06;H01;SUGOL
12-9-2021 19:35:13;21520838;03;12-9-2021 19:27:54;D4;null
12-9-2021 19:50:13;21520777;06;12-9-2021 19:32:40;E06;ARTIP
12-9-2021 12:05:14;21520292;null;12-9-2021 19:34:00;null;null
12-9-2021 19:50:14;21520615;06;12-9-2021 19:35:36;S92;ARTIP
12-9-2021 19:50:14;21520775;03;12-9-2021 19:36:26;A1;null
12-9-2021 19:50:14;21520728;06;12-9-2021 19:38:06;H04;ARTIP
12-9-2021 19:50:14;21520866;03;12-9-2021 19:39:34;B2;null
12-9-2021 19:50:14;21520762;06;12-9-2021 19:39:55;H07;SUGOL
12-9-2021 19:20:14;21520803;null;12-9-2021 19:41:22;GL;SUGOL
12-9-2021 19:50:15;21520764;06;12-9-2021 19:41:25;H03;SUGOL
12-9-2021 20:05:12;21520836;06;12-9-2021 19:45:37;H05;SUGOL
12-9-2021 20:05:13;21520849;03;12-9-2021 19:51:10;null;null
12-9-2021 20:05:13;21520805;06;12-9-2021 19:53:38;H02;ARTIP
12-9-2021 20:05:13;21520847;03;12-9-2021 19:53:58;AZ;null
12-9-2021 20:05:14;21520846;04;12-9-2021 19:56:54;GL;RIVER
12-9-2021 20:05:14;21520850;03;12-9-2021 19:57:44;null;null
12-9-2021 20:20:12;21520804;06;12-9-2021 19:58:37;D54;RIVER
12-9-2021 20:20:12;21520864;04;12-9-2021 20:01:06;GL;RIVER
12-9-2021 20:20:13;21520650;06;12-9-2021 20:02:27;G05;RIVER
12-9-2021 20:20:13;21520833;06;12-9-2021 20:04:06;B17;ARTIP
12-9-2021 20:20:13;21520868;06;12-9-2021 20:04:54;D2;null
12-9-2021 20:20:13;21520817;06;12-9-2021 20:05:50;E04;ARTIP
12-9-2021 20:20:13;21520784;03;12-9-2021 20:06:30;null;null
12-9-2021 20:20:13;21520842;06;12-9-2021 20:08:04;A41;ARTIP
12-9-2021 20:20:13;21520942;06;12-9-2021 20:08:35;null;null
12-9-2021 20:20:13;21520845;null;12-9-2021 20:09:31;null;null
12-9-2021 20:20:13;21520858;06;12-9-2021 20:09:35;B15;ARTIP
12-9-2021 20:20:13;21520911;06;12-9-2021 20:09:58;null;null
12-9-2021 20:20:14;21520837;06;12-9-2021 20:11:04;C08;RIVER
12-9-2021 20:35:13;21520848;06;12-9-2021 20:15:14;JA;null
12-9-2021 20:35:13;21520867;06;12-9-2021 20:15:40;C07;ARTIP
12-9-2021 20:35:13;21520871;06;12-9-2021 20:17:30;D56;RIVER
12-9-2021 20:35:13;21520885;06;12-9-2021 20:18:00;C2;null
12-9-2021 20:35:14;21520835;06;12-9-2021 20:19:28;H01;RIVER
12-9-2021 20:35:13;21520860;06;12-9-2021 20:20:29;C1;null
12-9-2021 20:35:14;21520878;03;12-9-2021 20:22:24;null;null
12-9-2021 20:35:14;21520882;06;12-9-2021 20:22:33;D1;null
12-9-2021 20:35:14;21520887;06;12-9-2021 20:26:01;D3;null
12-9-2021 20:35:14;21520884;03;12-9-2021 20:28:14;null;null
12-9-2021 20:50:11;21520886;06;12-9-2021 20:29:33;C10;ARTIP
12-9-2021 20:50:11;21520895;06;12-9-2021 20:34:07;H03;ARTIP
12-9-2021 20:50:12;21520891;06;12-9-2021 20:41:49;H04;RIVER
12-9-2021 20:50:12;21520892;06;12-9-2021 20:42:19;B1;null
12-9-2021 17:50:12;21520581;null;12-9-2021 20:44:25;C12;RIVER
12-9-2021 21:05:13;21520945;06;12-9-2021 20:49:11;X;null
12-9-2021 21:05:13;21520902;03;12-9-2021 20:54:27;null;null
12-9-2021 21:05:13;21520907;03;12-9-2021 20:57:29;null;null
12-9-2021 21:05:14;21520894;06;12-9-2021 20:57:41;D10;RIVER
12-9-2021 19:05:13;21520899;03;12-9-2021 20:57:46;null;null
12-9-2021 21:20:11;21520897;03;12-9-2021 21:02:52;null;null
12-9-2021 21:20:12;21520889;06;12-9-2021 21:13:28;S74;ARTIP
12-9-2021 21:35:12;21520903;06;12-9-2021 21:16:36;B27;ARTIP
12-9-2021 21:35:13;21520909;06;12-9-2021 21:18:52;D41;ARTIP
12-9-2021 21:35:13;21520906;06;12-9-2021 21:22:42;S90;ARTIP
12-9-2021 21:35:13;21520898;06;12-9-2021 21:26:33;D55;RIVER
12-9-2021 21:50:13;21520913;06;12-9-2021 21:34:12;D02;RIVER
12-9-2021 21:50:14;21520912;06;12-9-2021 21:39:36;B23;ARTIP
12-9-2021 21:50:14;21520917;06;12-9-2021 21:42:36;C09;RIVER
13-9-2021 01:05:10;21520915;06;12-9-2021 21:45:11;D43;RIVER
12-9-2021 14:20:13;21519700;null;12-9-2021 21:48:00;null;null
13-9-2021 01:05:11;21520916;06;12-9-2021 21:48:19;C14;RIVER
13-9-2021 01:05:11;21520910;HEL;12-9-2021 21:53:00;HG0;null
13-9-2021 01:05:11;21520923;06;12-9-2021 21:56:02;C10;RIVER
13-9-2021 01:05:12;21520924;06;12-9-2021 22:01:37;D49;RIVER
13-9-2021 01:05:12;21520918;06;12-9-2021 22:03:54;D03;ARTIP
13-9-2021 01:05:12;21520925;06;12-9-2021 22:06:19;D54;RIVER
13-9-2021 01:05:12;21520927;06;12-9-2021 22:08:36;C18;RIVER
13-9-2021 01:05:12;21520926;06;12-9-2021 22:10:51;B35;RIVER
13-9-2021 01:05:12;21520922;06;12-9-2021 22:13:12;D12;ARTIP
13-9-2021 01:05:13;21520932;06;12-9-2021 22:23:11;D05;RIVER
13-9-2021 01:05:14;21520933;06;12-9-2021 22:44:27;C15;ARTIP
12-9-2021 11:50:16;21519439;null;12-9-2021 22:50:00;null;null
12-9-2021 11:50:15;21519442;null;12-9-2021 22:50:00;null;null
13-9-2021 01:05:15;21520939;06;12-9-2021 22:52:42;B31;RIVER
13-9-2021 01:05:15;21520934;06;12-9-2021 22:55:56;D57;RIVER
13-9-2021 01:05:15;21520935;06;12-9-2021 22:58:50;E05;RIVER
13-9-2021 01:05:15;21520940;06;12-9-2021 23:04:09;C16;ARTIP
13-9-2021 01:05:15;21520937;06;12-9-2021 23:07:49;E09;ARTIP
13-9-2021 01:05:16;21520941;06;12-9-2021 23:37:30;D07;ARTIP
13-9-2021 01:05:17;21520943;06;12-9-2021 23:40:49;C06;RIVER
