T_UPDATE;FLIGHT_ID;RUNWAY;TIME;GATE;SID;FLOW_CONTROL_STATE;CTOT
12-9-2021 01:05:18;21519110;HEL;12-9-2021 00:05:00;null;null;CLEARED;null
12-9-2021 01:20:10;21519104;24;12-9-2021 01:00:13;R77;REN2S;CLEARED;null
12-9-2021 03:05:13;21519108;24;12-9-2021 02:50:55;E07;REN2S;CLEARED;null
12-9-2021 03:50:10;21519113;24;12-9-2021 03:32:36;C05;KDD3S;CLEARED;null
12-9-2021 03:50:10;21519118;24;12-9-2021 03:37:29;D49;REN2S;NOT_RESTRICTED;12-9-2021 03:40:00
12-9-2021 03:50:11;21519120;24;12-9-2021 03:39:10;D04;REN2S;CLEARED;null
12-9-2021 03:50:11;21519116;24;12-9-2021 03:40:36;C09;KDD3S;CLEARED;null
12-9-2021 04:05:13;21519117;24;12-9-2021 03:45:47;D56;KDD3S;CLEARED;null
12-9-2021 04:20:10;21519123;24;12-9-2021 04:03:47;D10;KDD3S;CLEARED;null
12-9-2021 04:35:10;21519124;24;12-9-2021 04:14:43;D54;KDD3S;CLEARED;null
12-9-2021 04:35:11;21519121;24;12-9-2021 04:26:04;C12;KDD3S;CLEARED;null
12-9-2021 04:50:10;21519132;24;12-9-2021 04:28:45;D51;KDD3S;CLEARED;null
12-9-2021 04:50:11;21519128;24;12-9-2021 04:30:43;C08;REN2S;CLEARED;null
12-9-2021 04:50:11;21519126;24;12-9-2021 04:36:20;D55;KDD3S;CLEARED;null
12-9-2021 05:05:12;21519146;24;12-9-2021 04:47:49;R81;REN2S;CLEARED;null
12-9-2021 05:05:12;21519129;24;12-9-2021 04:50:34;C11;REN2S;CLEARED;12-9-2021 04:13:00
12-9-2021 05:05:13;21519158;24;12-9-2021 04:53:10;B20;AND2S;CLEARED;null
12-9-2021 05:05:13;21519142;24;12-9-2021 04:54:43;D57;KDD3S;CLEARED;null
12-9-2021 05:05:13;21519152;24;12-9-2021 04:57:03;C13;KDD3S;CLEARED;null
12-9-2021 02:20:11;21519176;null;12-9-2021 05:00:00;null;null;CLEARED;null
12-9-2021 05:20:12;21519131;24;12-9-2021 05:02:17;D43;KDD3S;CLEARED;12-9-2021 04:30:00
12-9-2021 05:20:12;21519173;24;12-9-2021 05:04:06;B36;REN2S;CLEARED;null
12-9-2021 05:20:12;21519171;24;12-9-2021 05:05:48;H02;REN2S;CLEARED;null
12-9-2021 05:20:12;21519169;24;12-9-2021 05:08:04;B23;REN2S;CLEARED;null
12-9-2021 05:20:13;21519174;24;12-9-2021 05:09:43;C06;KDD3S;CLEARED;null
12-9-2021 05:20:13;21519179;18L;12-9-2021 05:10:35;B28;ARN4E;CLEARED;null
12-9-2021 05:20:13;21519166;24;12-9-2021 05:12:29;H05;KDD3S;CLEARED;null
12-9-2021 05:20:13;21519136;18L;12-9-2021 05:13:40;C14;REN2E;NOT_RESTRICTED;12-9-2021 05:12:00
12-9-2021 05:35:11;21519170;24;12-9-2021 05:14:14;H01;KDD3S;CLEARED;null
12-9-2021 05:35:11;21519162;24;12-9-2021 05:14:52;D2;WDY2B;CLEARED;null
12-9-2021 05:35:11;21519177;21;12-9-2021 05:15:34;null;WDY1S;CLEARED;null
12-9-2021 05:35:11;21519167;18L;12-9-2021 05:15:45;B27;REN2E;CLEARED;null
12-9-2021 05:35:11;21519172;24;12-9-2021 05:18:19;C2;WDY2B;CLEARED;null
12-9-2021 05:35:12;21519114;18L;12-9-2021 05:18:37;C15;LOP4E;NOT_RESTRICTED;12-9-2021 05:22:00
12-9-2021 05:35:12;21519145;18L;12-9-2021 05:19:39;D53;REN2E;CLEARED;null
12-9-2021 05:35:12;21519188;21;12-9-2021 05:20:17;null;WDY1S;CLEARED;null
12-9-2021 05:35:12;21519196;18L;12-9-2021 05:20:44;C05;KDD2E;CLEARED;null
12-9-2021 05:35:12;21519168;18L;12-9-2021 05:21:48;B35;REN2E;CLEARED;null
12-9-2021 05:35:12;21519181;24;12-9-2021 05:22:29;B2;LUN2B;CLEARED;null
12-9-2021 05:35:12;21519191;18L;12-9-2021 05:23:12;H06;KDD2E;CLEARED;null
12-9-2021 05:35:13;21519198;18L;12-9-2021 05:26:23;C09;REN2E;CLEARED;null
12-9-2021 05:35:13;21519203;18L;12-9-2021 05:27:36;B16;AND3E;CLEARED;null
12-9-2021 05:50:11;21519187;18L;12-9-2021 05:28:54;D16;REN2E;CLEARED;12-9-2021 05:21:00
12-9-2021 05:50:11;21519206;18L;12-9-2021 05:30:03;H03;VAL5E;CLEARED;null
12-9-2021 05:50:11;21519204;18L;12-9-2021 05:31:06;B32;REN2E;CLEARED;null
12-9-2021 05:50:11;21519160;18L;12-9-2021 05:32:36;D52;REN2E;CLEARED;null
12-9-2021 05:50:12;21519201;18L;12-9-2021 05:33:46;D03;KDD2E;CLEARED;null
12-9-2021 05:50:11;21519502;null;12-9-2021 05:35:00;null;null;CLEARED;null
12-9-2021 05:50:12;21519202;18L;12-9-2021 05:35:11;D25;VAL5E;CLEARED;null
12-9-2021 05:50:12;21519178;18L;12-9-2021 05:36:26;S79;BER4E;CLEARED;null
12-9-2021 05:50:12;21519218;21;12-9-2021 05:37:08;null;VEL4K;CLEARED;null
12-9-2021 05:50:13;21519189;18L;12-9-2021 05:38:57;D47;REN2E;CLEARED;null
12-9-2021 05:50:13;21519220;21;12-9-2021 05:39:08;null;VEL4K;CLEARED;null
12-9-2021 05:50:13;21519197;24;12-9-2021 05:39:22;D1;WDY2B;CLEARED;null
12-9-2021 06:05:12;21519217;18L;12-9-2021 05:50:55;D02;REN2E;CLEARED;null
12-9-2021 06:05:12;21519207;06;12-9-2021 05:51:13;C1;LUN2A;NOT_RESTRICTED;12-9-2021 05:50:00
12-9-2021 06:05:13;21519227;18L;12-9-2021 05:53:25;H04;KDD2E;CLEARED;null
12-9-2021 06:05:13;21519236;21;12-9-2021 05:53:36;null;WDY1S;NOT_RESTRICTED;12-9-2021 05:50:00
12-9-2021 06:05:13;21519242;21;12-9-2021 05:55:02;null;VEL4K;CLEARED;null
12-9-2021 06:05:14;21519466;21;12-9-2021 05:58:45;null;LER3M;CLEARED;null
12-9-2021 06:20:11;21519256;24;12-9-2021 06:00:55;B1;WDY2B;CLEARED;null
12-9-2021 06:20:11;21519271;24;12-9-2021 06:04:57;JA;WDY2B;NOT_RESTRICTED;12-9-2021 06:10:00
12-9-2021 06:20:12;21519269;22;12-9-2021 06:05:09;GD;REN2G;CLEARED;null
12-9-2021 06:20:12;21519262;24;12-9-2021 06:06:30;D3;WDY2B;CLEARED;12-9-2021 06:21:00
12-9-2021 06:20:12;21519254;18L;12-9-2021 06:06:34;D07;KDD2E;CLEARED;null
12-9-2021 06:20:12;21519522;18L;12-9-2021 06:08:09;S87;KDD2E;CLEARED;null
12-9-2021 06:20:13;21519235;18L;12-9-2021 06:10:53;D05;KDD2E;CLEARED;null
12-9-2021 06:20:13;21519272;18L;12-9-2021 06:12:39;C07;KDD2E;CLEARED;null
12-9-2021 06:35:11;21519275;18L;12-9-2021 06:15:41;B17;REN2E;CLEARED;null
12-9-2021 06:35:11;21519270;21;12-9-2021 06:16:11;null;WDY1S;CLEARED;null
12-9-2021 06:35:11;21519284;18L;12-9-2021 06:17:24;H07;ARN4E;CLEARED;null
12-9-2021 06:35:12;21519282;18L;12-9-2021 06:19:55;B20;LOP4E;NOT_RESTRICTED;12-9-2021 06:23:00
12-9-2021 06:35:12;21519580;24;12-9-2021 06:24:59;X;null;CLEARED;null
12-9-2021 06:50:11;21519301;24;12-9-2021 06:30:04;H01;ARN3S;CLEARED;null
12-9-2021 06:50:11;21519285;24;12-9-2021 06:31:46;B24;KDD3S;CLEARED;12-9-2021 06:45:00
12-9-2021 06:50:12;21519295;24;12-9-2021 06:33:03;C08;REN2S;CLEARED;null
12-9-2021 06:50:12;21519296;24;12-9-2021 06:34:45;C12;REN2S;NOT_RESTRICTED;12-9-2021 06:37:00
12-9-2021 06:50:13;21519303;24;12-9-2021 06:41:54;B32;AND2S;CLEARED;null
12-9-2021 07:05:12;21519297;24;12-9-2021 06:44:07;D12;REN2S;CLEARED;null
12-9-2021 06:50:13;21519467;null;12-9-2021 06:45:30;null;null;CLEARED;null
12-9-2021 07:05:12;21519302;21;12-9-2021 06:47:35;null;VEL4K;CLEARED;null
12-9-2021 07:05:12;21519313;24;12-9-2021 06:49:51;B16;ARN3S;CLEARED;null
12-9-2021 07:05:13;21519329;24;12-9-2021 06:51:21;G J;null;CLEARED;null
12-9-2021 07:05:13;21519327;24;12-9-2021 06:53:03;R80;AND2S;CLEARED;null
12-9-2021 07:05:13;21519318;24;12-9-2021 06:55:27;D49;REN2S;CLEARED;null
12-9-2021 07:05:14;21519298;24;12-9-2021 06:57:20;B31;REN2S;CLEARED;null
12-9-2021 07:05:14;21519325;21;12-9-2021 06:58:20;LES;NET1B;CLEARED;null
12-9-2021 07:20:12;21519326;21;12-9-2021 06:59:41;AZS;LNO2B;CLEARED;null
12-9-2021 04:20:10;21519323;null;12-9-2021 07:00:00;null;null;CLEARED;null
12-9-2021 07:20:12;21519322;24;12-9-2021 07:02:00;A41;KDD3S;CLEARED;12-9-2021 07:09:00
12-9-2021 07:20:12;21519316;24;12-9-2021 07:04:07;A34;ARN3S;CLEARED;null
12-9-2021 07:20:13;21519321;24;12-9-2021 07:05:58;B27;KDD3S;CLEARED;12-9-2021 07:09:00
12-9-2021 07:20:13;21519324;null;12-9-2021 07:07:00;null;null;CLEARED;null
12-9-2021 07:20:13;21519319;21;12-9-2021 07:07:13;null;VEL4K;CLEARED;null
12-9-2021 07:20:13;21519317;21;12-9-2021 07:10:36;null;VEL4K;CLEARED;null
12-9-2021 07:20:13;21519334;21;12-9-2021 07:12:00;null;null;CLEARED;null
12-9-2021 07:20:13;21519671;null;12-9-2021 07:15:00;null;null;CLEARED;null
12-9-2021 07:35:12;21519676;24;12-9-2021 07:16:00;null;null;CLEARED;null
12-9-2021 07:35:12;21519333;24;12-9-2021 07:16:26;C10;KDD3S;CLEARED;12-9-2021 07:13:00
12-9-2021 07:35:13;21519338;24;12-9-2021 07:19:08;H02;VAL3S;CLEARED;null
12-9-2021 07:35:13;21519371;21;12-9-2021 07:19:53;null;GIK3M;CLEARED;null
12-9-2021 07:35:14;21519345;18L;12-9-2021 07:24:49;C16;KDD2E;CLEARED;12-9-2021 07:29:00
12-9-2021 07:35:14;21519367;22;12-9-2021 07:26:07;GD;LOP2G;NOT_RESTRICTED;12-9-2021 07:28:00
12-9-2021 07:35:14;21519341;24;12-9-2021 07:26:29;B23;SPY4K;CLEARED;null
12-9-2021 07:35:14;21519361;18L;12-9-2021 07:27:42;H03;LOP4E;CLEARED;null
12-9-2021 07:50:11;21519372;22;12-9-2021 07:28:54;GD;KDD2G;CLEARED;12-9-2021 07:22:00
12-9-2021 07:50:11;21519342;24;12-9-2021 07:29:03;D04;BER2S;CLEARED;null
12-9-2021 04:50:10;21519370;null;12-9-2021 07:30:00;null;null;CLEARED;null
12-9-2021 06:05:11;21519521;null;12-9-2021 07:30:00;null;null;CLEARED;null
12-9-2021 07:50:11;21519344;18L;12-9-2021 07:30:15;A65;REN2E;CLEARED;null
12-9-2021 07:50:11;21519337;18L;12-9-2021 07:31:38;D51;REN2E;CLEARED;null
12-9-2021 07:50:11;21519354;18L;12-9-2021 07:32:34;B35;LOP4E;CLEARED;null
12-9-2021 07:50:11;21519356;18L;12-9-2021 07:33:52;A63;REN2E;CLEARED;null
12-9-2021 07:50:12;21519362;18L;12-9-2021 07:34:45;C11;KDD2E;CLEARED;null
12-9-2021 07:50:12;21519377;24;12-9-2021 07:35:38;A64;SPY4K;CLEARED;null
12-9-2021 07:50:12;21519353;18L;12-9-2021 07:36:00;A42;LOP4E;CLEARED;null
12-9-2021 07:50:12;21519368;24;12-9-2021 07:37:17;A52;SPY4K;CLEARED;null
12-9-2021 07:50:12;21519373;18L;12-9-2021 07:38:03;D54;KDD2E;CLEARED;null
12-9-2021 07:50:13;21519380;18L;12-9-2021 07:40:15;A75;REN2E;CLEARED;null
12-9-2021 07:50:13;21519351;24;12-9-2021 07:40:29;B93;SPY4K;CLEARED;null
12-9-2021 07:50:13;21519379;18L;12-9-2021 07:41:37;D56;ARN4E;CLEARED;null
12-9-2021 07:50:13;21519374;18L;12-9-2021 07:42:38;C15;KDD2E;CLEARED;null
12-9-2021 07:50:14;21519355;24;12-9-2021 07:43:22;B20;SPY4K;CLEARED;null
12-9-2021 08:05:11;21519352;18L;12-9-2021 07:44:18;A55;KDD2E;CLEARED;12-9-2021 07:35:00
12-9-2021 08:05:11;21519328;21;12-9-2021 07:44:27;null;VEL4K;CLEARED;null
12-9-2021 05:05:11;21519415;null;12-9-2021 07:45:00;null;null;CLEARED;null
12-9-2021 08:05:11;21519363;18L;12-9-2021 07:45:36;A31;ARN4E;CLEARED;null
12-9-2021 08:05:11;21519387;24;12-9-2021 07:46:27;A73;BER2S;CLEARED;null
12-9-2021 08:05:11;21519421;21;12-9-2021 07:46:47;A1;TEN1B;CLEARED;null
12-9-2021 08:05:11;21519343;18L;12-9-2021 07:47:04;A45;KDD2E;CLEARED;null
12-9-2021 08:05:11;21519335;21;12-9-2021 07:48:13;null;WDY1S;CLEARED;null
12-9-2021 08:05:12;21519386;24;12-9-2021 07:49:03;G09;BER2S;CLEARED;null
12-9-2021 08:05:12;21519402;18L;12-9-2021 07:49:47;A51;LOP4E;CLEARED;null
12-9-2021 05:05:12;21519424;null;12-9-2021 07:50:00;null;null;CLEARED;null
12-9-2021 08:05:12;21519388;24;12-9-2021 07:51:25;D23;BER2S;CLEARED;null
12-9-2021 08:05:12;21519369;18L;12-9-2021 07:51:30;C07;KDD2E;CLEARED;null
12-9-2021 08:05:12;21519395;18L;12-9-2021 07:52:17;D53;LOP4E;CLEARED;null
12-9-2021 08:05:13;21519408;24;12-9-2021 07:52:50;C14;SPY4K;CLEARED;null
12-9-2021 08:05:13;21519393;18L;12-9-2021 07:53:53;C05;REN2E;CLEARED;null
12-9-2021 08:05:13;21519460;24;12-9-2021 07:54:46;E07;BER2S;CLEARED;null
12-9-2021 05:05:13;21519428;null;12-9-2021 07:55:00;null;null;CLEARED;null
12-9-2021 08:20:10;21519709;null;12-9-2021 07:55:00;null;null;CLEARED;null
12-9-2021 08:05:13;21519414;18L;12-9-2021 07:55:27;B15;REN2E;CLEARED;null
12-9-2021 08:05:13;21519411;21;12-9-2021 07:56:24;null;WDY1S;CLEARED;null
12-9-2021 08:05:14;21519397;18L;12-9-2021 07:57:34;C18;REN2E;CLEARED;null
12-9-2021 05:20:11;21519441;null;12-9-2021 08:00:00;null;null;CLEARED;null
12-9-2021 05:20:11;21519448;null;12-9-2021 08:00:00;null;null;CLEARED;null
12-9-2021 07:20:13;21519665;null;12-9-2021 08:00:00;null;null;CLEARED;null
12-9-2021 08:20:09;21519436;24;12-9-2021 08:00:08;JA;WDY2B;CLEARED;12-9-2021 08:10:00
12-9-2021 08:20:10;21519376;18L;12-9-2021 08:00:39;B28;REN2E;CLEARED;null
12-9-2021 08:20:10;21519396;24;12-9-2021 08:01:22;B17;SPY4K;CLEARED;null
12-9-2021 08:20:10;21519409;24;12-9-2021 08:02:23;D28;BER2S;CLEARED;null
12-9-2021 08:20:10;21519410;18L;12-9-2021 08:03:08;B31;REN2E;CLEARED;null
12-9-2021 08:20:11;21519430;24;12-9-2021 08:04:34;C12;SPY4K;CLEARED;null
12-9-2021 08:20:11;21519403;18L;12-9-2021 08:04:41;D05;REN2E;CLEARED;null
12-9-2021 08:20:11;21519340;24;12-9-2021 08:05:52;B92;BER2S;CLEARED;null
12-9-2021 08:20:11;21519384;18L;12-9-2021 08:06:20;A72;REN2E;CLEARED;null
12-9-2021 08:20:11;21519420;24;12-9-2021 08:07:36;F08;BER2S;CLEARED;null
12-9-2021 08:20:12;21519389;18L;12-9-2021 08:07:55;C13;REN2E;CLEARED;null
12-9-2021 08:20:12;21519375;18L;12-9-2021 08:09:31;D14;REN2E;CLEARED;null
12-9-2021 08:20:12;21519413;24;12-9-2021 08:10:02;A46;BER2S;CLEARED;null
12-9-2021 08:20:12;21519443;24;12-9-2021 08:10:43;JA;LUN2B;CLEARED;null
12-9-2021 08:20:12;21519432;21;12-9-2021 08:11:09;null;LNO6K;CLEARED;12-9-2021 08:05:00
12-9-2021 08:20:12;21519383;18L;12-9-2021 08:11:28;A53;REN2E;CLEARED;12-9-2021 08:01:00
12-9-2021 08:20:12;21519429;24;12-9-2021 08:12:42;H01;BER2S;CLEARED;null
12-9-2021 08:20:13;21519445;24;12-9-2021 08:12:52;A33;SPY4K;CLEARED;null
12-9-2021 08:35:11;21519401;18L;12-9-2021 08:14:58;D94;REN2E;CLEARED;null
12-9-2021 05:35:11;21519468;null;12-9-2021 08:15:00;null;null;CLEARED;null
12-9-2021 08:05:11;21519760;null;12-9-2021 08:15:00;null;null;CLEARED;null
12-9-2021 08:20:12;21519815;null;12-9-2021 08:15:00;null;null;CLEARED;null
12-9-2021 08:35:11;21519449;23;12-9-2021 08:15:15;J;DOB3D;CLEARED;null
12-9-2021 08:35:11;21519431;24;12-9-2021 08:15:21;D52;SPY4K;CLEARED;null
12-9-2021 08:20:10;21519399;18L;12-9-2021 08:16:00;D93;ARN4E;CLEARED;null
12-9-2021 08:35:11;21519398;21;12-9-2021 08:16:23;null;VEL4K;CLEARED;null
12-9-2021 08:35:12;21519422;24;12-9-2021 08:16:40;F04;BER2S;CLEARED;null
12-9-2021 08:35:12;21519455;18L;12-9-2021 08:17:14;A71;REN2E;CLEARED;null
12-9-2021 08:35:12;21519450;18L;12-9-2021 08:18:38;D24;REN2E;CLEARED;null
12-9-2021 08:35:12;21519364;24;12-9-2021 08:19:10;A32;BER2S;CLEARED;null
12-9-2021 08:50:13;21519483;null;12-9-2021 08:19:33;null;null;CLEARED;null
12-9-2021 08:35:12;21519481;24;12-9-2021 08:20:16;C08;SPY4K;CLEARED;null
12-9-2021 08:35:13;21519378;18L;12-9-2021 08:20:25;E04;ARN4E;CLEARED;null
12-9-2021 08:35:13;21519423;24;12-9-2021 08:21:34;F03;VAL3S;CLEARED;null
12-9-2021 08:35:13;21519437;18L;12-9-2021 08:22:09;B95;ARN4E;CLEARED;null
12-9-2021 08:35:13;21519470;21;12-9-2021 08:22:31;null;LNO6K;CLEARED;12-9-2021 08:25:00
12-9-2021 08:35:13;21519472;18L;12-9-2021 08:23:39;D26;REN2E;CLEARED;null
12-9-2021 08:35:13;21519454;24;12-9-2021 08:24:04;D31;BER2S;CLEARED;null
12-9-2021 08:35:14;21519469;18L;12-9-2021 08:24:58;C09;ARN4E;CLEARED;null
12-9-2021 08:35:14;21519446;24;12-9-2021 08:25:18;JA;NEW24;CLEARED;null
12-9-2021 08:35:14;21519473;24;12-9-2021 08:25:24;B94;SPY4K;CLEARED;null
12-9-2021 08:35:14;21519463;18L;12-9-2021 08:26:05;B27;KDD2E;CLEARED;12-9-2021 08:22:00
12-9-2021 08:35:14;21519457;24;12-9-2021 08:27:01;F07;VAL3S;CLEARED;null
12-9-2021 08:35:14;21519438;18L;12-9-2021 08:27:37;G02;REN2E;CLEARED;null
12-9-2021 08:50:12;21519479;18L;12-9-2021 08:29:15;E20;REN2E;CLEARED;null
12-9-2021 08:50:12;21519471;24;12-9-2021 08:29:19;D25;VAL3S;CLEARED;null
12-9-2021 08:50:12;21519511;24;12-9-2021 08:30:45;E03;BER2S;CLEARED;null
12-9-2021 08:50:13;21519462;18L;12-9-2021 08:31:22;D41;REN2E;NOT_RESTRICTED;12-9-2021 08:20:00
12-9-2021 08:50:13;21519475;18L;12-9-2021 08:32:43;B36;LOP4E;CLEARED;null
12-9-2021 08:50:13;21519456;24;12-9-2021 08:33:08;D16;BER2S;CLEARED;null
12-9-2021 08:50:13;21519484;18L;12-9-2021 08:33:42;C10;ARN4E;CLEARED;null
12-9-2021 08:50:13;21519480;18L;12-9-2021 08:34:49;B24;KDD2E;CLEARED;12-9-2021 08:31:00
12-9-2021 08:50:14;21519418;24;12-9-2021 08:35:42;S77;BER2S;CLEARED;null
12-9-2021 08:50:14;21519488;18L;12-9-2021 08:36:08;D12;REN2E;CLEARED;null
12-9-2021 08:50:14;21519501;24;12-9-2021 08:37:27;G04;BER2S;CLEARED;null
12-9-2021 08:50:14;21519482;18L;12-9-2021 08:37:54;C06;KDD2E;CLEARED;null
12-9-2021 08:50:14;21519412;21;12-9-2021 08:37:57;AZS;null;CLEARED;null
12-9-2021 08:50:15;21519485;24;12-9-2021 08:39:54;A44;BER2S;CLEARED;null
12-9-2021 08:50:15;21519600;24;12-9-2021 08:40:49;L;null;CLEARED;null
12-9-2021 08:50:15;21519497;23;12-9-2021 08:41:00;G5;null;CLEARED;null
12-9-2021 08:50:15;21519499;24;12-9-2021 08:41:05;B16;SPY4K;CLEARED;null
12-9-2021 08:50:15;21519496;21;12-9-2021 08:42:04;null;WDY1S;CLEARED;null
12-9-2021 09:05:13;21519407;null;12-9-2021 08:48:00;null;null;CLEARED;null
12-9-2021 09:05:13;21519510;24;12-9-2021 08:49:59;D57;AND2S;CLEARED;null
12-9-2021 09:05:14;21519530;24;12-9-2021 08:51:22;C16;REN2S;CLEARED;null
12-9-2021 09:05:14;21519509;24;12-9-2021 08:53:40;B32;REN2S;CLEARED;null
12-9-2021 09:05:14;21519899;24;12-9-2021 08:54:17;X;null;CLEARED;null
12-9-2021 06:05:13;21519532;null;12-9-2021 08:55:00;null;null;CLEARED;null
12-9-2021 09:05:15;21519587;24;12-9-2021 08:55:25;E18;BER2S;CLEARED;null
12-9-2021 09:05:14;21519821;24;12-9-2021 08:55:30;OOR;null;CLEARED;null
12-9-2021 09:05:15;21519506;24;12-9-2021 08:57:25;E09;KDD3S;NOT_RESTRICTED;12-9-2021 08:53:00
12-9-2021 09:20:11;21519878;null;12-9-2021 08:59:00;null;null;CLEARED;null
12-9-2021 08:05:14;21519447;23;12-9-2021 09:00:00;C1;null;CLEARED;null
12-9-2021 06:20:10;21519541;null;12-9-2021 09:00:00;null;null;CLEARED;null
12-9-2021 07:35:12;21519685;null;12-9-2021 09:00:00;null;null;CLEARED;null
12-9-2021 08:35:12;21519833;null;12-9-2021 09:00:00;null;null;CLEARED;null
12-9-2021 08:50:16;21519877;null;12-9-2021 09:00:00;null;null;CLEARED;null
12-9-2021 09:20:10;21519520;21;12-9-2021 09:00:27;AZS;null;CLEARED;null
12-9-2021 09:20:11;21519486;24;12-9-2021 09:01:18;G08;VAL3S;CLEARED;null
12-9-2021 09:20:11;21519533;21;12-9-2021 09:02:58;null;VEL4K;CLEARED;null
12-9-2021 09:20:12;21519661;24;12-9-2021 09:03:23;E02;BER2S;CLEARED;null
12-9-2021 09:20:12;21519731;24;12-9-2021 09:05:00;L;null;CLEARED;null
12-9-2021 09:20:12;21519519;24;12-9-2021 09:05:38;D22;ARN3S;CLEARED;null
12-9-2021 09:20:14;21519931;null;12-9-2021 09:07:00;null;null;CLEARED;null
12-9-2021 09:20:13;21519531;24;12-9-2021 09:07:04;G03;BER2S;CLEARED;null
12-9-2021 09:20:13;21519547;23;12-9-2021 09:07:23;GE;TLU3D;CLEARED;null
12-9-2021 09:20:13;21519545;21;12-9-2021 09:07:55;null;WDY1S;CLEARED;null
12-9-2021 09:20:14;21519879;null;12-9-2021 09:08:00;null;null;CLEARED;null
12-9-2021 09:20:13;21519552;24;12-9-2021 09:08:40;D10;BER2S;CLEARED;null
12-9-2021 09:20:14;21519561;21;12-9-2021 09:10:01;LES;NVO2B;CLEARED;null
12-9-2021 09:20:14;21519614;24;12-9-2021 09:10:13;D43;BER2S;CLEARED;null
12-9-2021 09:20:14;21519546;21;12-9-2021 09:10:20;null;WDY1S;CLEARED;null
12-9-2021 09:20:14;21519734;23;12-9-2021 09:10:22;D F;null;CLEARED;null
12-9-2021 09:20:14;21519588;24;12-9-2021 09:11:53;E75;ARN3S;CLEARED;null
12-9-2021 09:35:11;21519544;24;12-9-2021 09:14:02;D51;KDD3S;CLEARED;null
12-9-2021 09:35:11;21519560;24;12-9-2021 09:15:31;D55;LOP3S;CLEARED;null
12-9-2021 09:35:11;21519500;22;12-9-2021 09:16:00;GD;null;CLEARED;null
12-9-2021 09:35:12;21519543;null;12-9-2021 09:18:35;null;null;CLEARED;null
12-9-2021 06:35:12;21519573;null;12-9-2021 09:20:00;null;null;CLEARED;null
12-9-2021 09:35:13;21519565;24;12-9-2021 09:21:48;B17;REN2S;CLEARED;null
12-9-2021 09:35:13;21519785;24;12-9-2021 09:22:00;HGR;null;CLEARED;null
12-9-2021 09:35:14;21519616;24;12-9-2021 09:23:13;D03;BER2S;CLEARED;null
12-9-2021 09:50:11;21519566;23;12-9-2021 09:28:00;I3;null;CLEARED;null
12-9-2021 09:35:15;21519551;21;12-9-2021 09:28:05;null;LNO6K;CLEARED;null
12-9-2021 09:35:15;21519529;24;12-9-2021 09:28:23;D47;REN2S;NOT_RESTRICTED;12-9-2021 09:22:00
12-9-2021 06:50:11;21519589;null;12-9-2021 09:30:00;null;null;CLEARED;null
12-9-2021 06:50:11;21519592;null;12-9-2021 09:30:00;null;null;CLEARED;null
12-9-2021 09:50:11;21519619;24;12-9-2021 09:30:16;E22;BER2S;CLEARED;null
12-9-2021 09:50:11;21519822;23;12-9-2021 09:31:54;C1;null;CLEARED;null
12-9-2021 09:50:12;21519575;24;12-9-2021 09:32:28;E04;ARN3S;CLEARED;null
12-9-2021 09:50:12;21519801;22;12-9-2021 09:34:00;GD;null;CLEARED;null
12-9-2021 09:50:12;21519557;24;12-9-2021 09:34:12;D24;ARN3S;CLEARED;null
12-9-2021 09:50:13;21519548;24;12-9-2021 09:35:57;E05;VAL3S;CLEARED;null
12-9-2021 09:50:12;21519962;24;12-9-2021 09:36:03;HGR;null;CLEARED;null
12-9-2021 09:50:13;21519568;24;12-9-2021 09:37:30;G07;AND2S;CLEARED;null
12-9-2021 09:50:13;21519596;26;12-9-2021 09:38:24;null;null;CLEARED;null
12-9-2021 09:50:14;21519646;24;12-9-2021 09:38:58;E07;BER2S;CLEARED;null
12-9-2021 09:50:14;21519618;26;12-9-2021 09:39:52;null;null;CLEARED;null
12-9-2021 07:50:13;21519744;null;12-9-2021 09:40:00;null;null;CLEARED;null
12-9-2021 09:50:14;21519558;24;12-9-2021 09:40:55;D28;ARN3S;CLEARED;null
12-9-2021 09:50:15;21519582;24;12-9-2021 09:42:29;D29;REN2S;CLEARED;null
12-9-2021 10:05:13;21519595;24;12-9-2021 09:44:00;L;null;CLEARED;null
12-9-2021 10:05:11;21519606;24;12-9-2021 09:44:09;B35;LOP3S;CLEARED;null
12-9-2021 09:50:15;21519849;23;12-9-2021 09:44:32;F;null;CLEARED;null
12-9-2021 09:35:13;21519788;23;12-9-2021 09:45:00;C1;null;CLEARED;null
12-9-2021 10:05:12;21519574;24;12-9-2021 09:45:25;D16;REN2S;CLEARED;null
12-9-2021 10:05:12;21520002;24;12-9-2021 09:46:10;X;null;CLEARED;null
12-9-2021 10:05:13;21519540;22;12-9-2021 09:47:00;GD;null;CLEARED;null
12-9-2021 10:05:12;21519584;24;12-9-2021 09:47:08;A74;ARN3S;CLEARED;null
12-9-2021 10:05:12;21519494;23;12-9-2021 09:47:31;F;null;CLEARED;null
12-9-2021 10:05:13;21519900;24;12-9-2021 09:48:51;L;null;CLEARED;null
12-9-2021 10:05:13;21519773;24;12-9-2021 09:49:10;A43;KDD3S;CLEARED;null
12-9-2021 10:05:13;21519920;24;12-9-2021 09:49:53;L;null;CLEARED;null
12-9-2021 10:05:13;21519593;24;12-9-2021 09:50:30;G09;REN2S;CLEARED;null
12-9-2021 10:05:14;21519733;23;12-9-2021 09:51:00;F;null;CLEARED;null
12-9-2021 10:05:14;21519623;21;12-9-2021 09:52:16;null;ATR3M;CLEARED;null
12-9-2021 10:05:14;21519603;24;12-9-2021 09:52:55;D53;REN2S;NOT_RESTRICTED;12-9-2021 09:52:00
12-9-2021 10:05:14;21519677;23;12-9-2021 09:53:15;H;null;CLEARED;null
12-9-2021 10:05:15;21519612;24;12-9-2021 09:54:07;H03;KDD3S;CLEARED;null
12-9-2021 10:05:15;21519620;24;12-9-2021 09:55:13;B36;LOP3S;CLEARED;null
12-9-2021 10:05:15;21519539;23;12-9-2021 09:56:18;I3;null;CLEARED;null
12-9-2021 10:05:16;21519608;18L;12-9-2021 09:56:40;D31;ARN4E;CLEARED;null
12-9-2021 10:05:16;21519622;24;12-9-2021 09:56:44;A54;VAL3S;CLEARED;null
12-9-2021 10:05:16;21519789;24;12-9-2021 09:57:47;A35;KDD3S;CLEARED;null
12-9-2021 10:05:16;21520017;23;12-9-2021 09:59:23;K;null;CLEARED;null
12-9-2021 10:20:11;21519523;24;12-9-2021 09:59:24;F06;BER2S;CLEARED;null
12-9-2021 10:20:11;21519607;18L;12-9-2021 09:59:56;D27;ARN4E;CLEARED;null
12-9-2021 07:20:12;21519657;null;12-9-2021 10:00:00;null;null;CLEARED;null
12-9-2021 08:20:10;21519799;null;12-9-2021 10:00:00;null;null;CLEARED;null
12-9-2021 09:35:11;21519939;null;12-9-2021 10:00:00;null;null;CLEARED;null
12-9-2021 10:20:11;21519645;24;12-9-2021 10:00:46;C2;WDY2B;CLEARED;null
12-9-2021 10:20:12;21519583;18L;12-9-2021 10:01:23;G04;REN2E;NOT_RESTRICTED;12-9-2021 09:52:00
12-9-2021 10:20:12;21519628;24;12-9-2021 10:01:36;E06;SPY4K;CLEARED;null
12-9-2021 10:20:12;21519642;21;12-9-2021 10:01:50;null;null;CLEARED;null
12-9-2021 10:50:12;21519505;null;12-9-2021 10:03:00;null;null;CLEARED;null
12-9-2021 10:20:13;21519611;24;12-9-2021 10:03:36;S82;LOP3S;CLEARED;null
12-9-2021 10:20:12;21519624;23;12-9-2021 10:03:54;F;null;CLEARED;null
12-9-2021 10:20:13;21519571;23;12-9-2021 10:04:41;A14;SNB3D;NOT_RESTRICTED;12-9-2021 10:02:00
12-9-2021 10:20:14;21519654;22;12-9-2021 10:06:03;GD;KDD2G;CLEARED;12-9-2021 10:38:00
12-9-2021 10:20:13;21519655;24;12-9-2021 10:06:26;A1;LUN2B;NOT_RESTRICTED;12-9-2021 10:11:00
12-9-2021 10:20:14;21519641;24;12-9-2021 10:06:30;B16;SPY4K;CLEARED;null
12-9-2021 10:20:14;21519863;21;12-9-2021 10:07:22;null;null;CLEARED;null
12-9-2021 10:20:14;21519964;23;12-9-2021 10:07:33;F;null;CLEARED;null
12-9-2021 10:20:14;21519602;18L;12-9-2021 10:07:48;B23;REN2E;NOT_RESTRICTED;12-9-2021 10:02:00
12-9-2021 10:20:15;21519643;18L;12-9-2021 10:09:12;A62;ARN4E;CLEARED;null
12-9-2021 10:20:12;21520055;null;12-9-2021 10:10:00;null;null;CLEARED;null
12-9-2021 10:20:15;21519897;18L;12-9-2021 10:11:04;B31;ARN4E;CLEARED;null
12-9-2021 10:35:11;21519633;24;12-9-2021 10:14:12;F05;VAL3S;CLEARED;null
12-9-2021 10:35:12;21519610;18L;12-9-2021 10:16:25;B15;REN2E;NOT_RESTRICTED;12-9-2021 10:10:00
12-9-2021 10:35:12;21519694;21;12-9-2021 10:17:31;B2;LNO2B;CLEARED;null
12-9-2021 10:35:12;21519656;24;12-9-2021 10:17:31;S92;ARN3S;CLEARED;null
12-9-2021 10:35:13;21519630;24;12-9-2021 10:19:05;E24;VAL3S;CLEARED;null
12-9-2021 10:35:12;21519594;23;12-9-2021 10:20:00;G5;null;CLEARED;null
12-9-2021 10:35:13;21519640;24;12-9-2021 10:21:24;G02;KDD3S;CLEARED;null
12-9-2021 10:35:14;21519682;24;12-9-2021 10:22:51;B20;SPY4K;CLEARED;null
12-9-2021 10:35:14;21519663;18L;12-9-2021 10:23:42;B28;REN2E;CLEARED;null
12-9-2021 10:35:15;21519678;24;12-9-2021 10:24:30;C11;KDD3S;NOT_RESTRICTED;12-9-2021 10:26:00
12-9-2021 10:35:14;21519923;21;12-9-2021 10:24:31;null;null;CLEARED;null
12-9-2021 10:35:15;21519669;21;12-9-2021 10:25:26;null;VEL4K;CLEARED;null
12-9-2021 10:35:15;21519666;24;12-9-2021 10:25:57;D04;VAL3S;CLEARED;null
12-9-2021 10:35:16;21520114;24;12-9-2021 10:27:07;null;null;CLEARED;null
12-9-2021 10:35:16;21519690;24;12-9-2021 10:28:33;B24;SPY4K;CLEARED;null
12-9-2021 10:50:11;21519653;24;12-9-2021 10:29:48;A61;BER2S;CLEARED;null
12-9-2021 10:50:11;21519875;24;12-9-2021 10:30:12;L;null;CLEARED;null
12-9-2021 10:50:12;21519680;24;12-9-2021 10:30:59;G79;SPY4K;CLEARED;null
12-9-2021 10:50:11;21520067;22;12-9-2021 10:31:00;HG0;null;CLEARED;null
12-9-2021 10:50:13;21519670;24;12-9-2021 10:33:30;G06;KDD3S;CLEARED;null
12-9-2021 10:50:13;21519632;24;12-9-2021 10:34:40;B27;REN2S;CLEARED;null
12-9-2021 10:50:13;21519847;23;12-9-2021 10:35:05;H;null;CLEARED;null
12-9-2021 10:50:14;21519689;24;12-9-2021 10:36:18;C08;REN2S;NOT_RESTRICTED;12-9-2021 10:37:00
12-9-2021 10:50:14;21519701;21;12-9-2021 10:36:37;null;WDY1S;CLEARED;12-9-2021 10:51:00
12-9-2021 10:50:14;21519949;23;12-9-2021 10:36:37;D H;null;CLEARED;null
12-9-2021 10:50:15;21519644;24;12-9-2021 10:37:47;D57;REN2S;CLEARED;null
12-9-2021 10:50:15;21519591;23;12-9-2021 10:38:51;D H;null;CLEARED;null
12-9-2021 10:50:15;21519703;24;12-9-2021 10:39:11;A31;REN2S;CLEARED;null
12-9-2021 10:50:16;21519704;24;12-9-2021 10:40:30;F03;BER2S;CLEARED;null
12-9-2021 10:50:16;21519966;23;12-9-2021 10:41:25;C1;null;CLEARED;null
12-9-2021 10:50:17;21519649;24;12-9-2021 10:42:37;D54;KDD3S;CLEARED;null
12-9-2021 10:50:17;21519693;21;12-9-2021 10:43:38;null;LNO6K;NOT_RESTRICTED;12-9-2021 10:41:00
12-9-2021 10:50:17;21519662;24;12-9-2021 10:43:49;E03;BER2S;CLEARED;null
12-9-2021 11:05:12;21519752;21;12-9-2021 10:45:01;null;null;CLEARED;null
12-9-2021 11:05:12;21519650;23;12-9-2021 10:45:34;F;null;CLEARED;null
12-9-2021 11:05:12;21519706;21;12-9-2021 10:47:03;null;LNO6K;NOT_RESTRICTED;12-9-2021 10:48:00
12-9-2021 11:05:12;21519542;24;12-9-2021 10:47:09;HGR;null;CLEARED;null
12-9-2021 11:05:12;21520060;23;12-9-2021 10:47:21;C1;null;CLEARED;null
12-9-2021 11:05:13;21519702;24;12-9-2021 10:47:43;C06;KDD3S;CLEARED;null
12-9-2021 11:05:13;21519713;36L;12-9-2021 10:48:18;A52;REN2V;CLEARED;null
12-9-2021 11:05:14;21519691;24;12-9-2021 10:49:46;B35;ARN3S;CLEARED;null
12-9-2021 11:05:13;21519726;21;12-9-2021 10:49:47;AZS;null;CLEARED;null
12-9-2021 11:05:13;21519963;23;12-9-2021 10:49:47;C1;null;CLEARED;null
12-9-2021 11:05:14;21519707;36L;12-9-2021 10:50:00;B17;REN2V;CLEARED;null
12-9-2021 11:05:14;21519786;23;12-9-2021 10:51:18;K;null;CLEARED;null
12-9-2021 11:05:14;21519621;23;12-9-2021 10:51:21;D F;null;CLEARED;null
12-9-2021 11:05:14;21519715;04;12-9-2021 10:52:00;GD;null;CLEARED;null
12-9-2021 11:05:14;21520139;04;12-9-2021 10:52:00;HG0;null;CLEARED;null
12-9-2021 11:05:14;21519967;23;12-9-2021 10:52:13;C1;null;CLEARED;null
12-9-2021 11:05:15;21519757;36L;12-9-2021 10:53:43;R74;REN2V;CLEARED;null
12-9-2021 11:05:15;21519711;23;12-9-2021 10:53:55;I3;null;CLEARED;null
12-9-2021 11:05:16;21519705;36L;12-9-2021 10:56:01;F04;BER5V;CLEARED;null
12-9-2021 11:05:17;21519714;36L;12-9-2021 10:58:13;B32;ARN2V;CLEARED;null
12-9-2021 11:20:11;21519728;36L;12-9-2021 10:59:27;F07;VOL3V;CLEARED;null
12-9-2021 08:20:09;21519791;null;12-9-2021 11:00:00;null;null;CLEARED;null
12-9-2021 09:05:13;21519891;null;12-9-2021 11:00:00;null;null;CLEARED;null
12-9-2021 09:35:13;21519951;null;12-9-2021 11:00:00;null;null;CLEARED;null
12-9-2021 11:20:12;21519679;36L;12-9-2021 11:01:48;C10;REN2V;CLEARED;null
12-9-2021 11:20:12;21519794;24;12-9-2021 11:02:00;L;null;CLEARED;null
12-9-2021 11:20:12;21520156;24;12-9-2021 11:02:00;HGR;null;CLEARED;null
12-9-2021 11:20:13;21519739;21;12-9-2021 11:03:34;null;LNO6K;CLEARED;null
12-9-2021 11:20:13;21519696;36L;12-9-2021 11:03:34;H02;REN2V;CLEARED;null
12-9-2021 11:20:14;21519652;36L;12-9-2021 11:06:32;D49;KDD2V;CLEARED;null
12-9-2021 11:20:15;21519755;21;12-9-2021 11:08:17;null;WDY1S;CLEARED;12-9-2021 11:23:00
12-9-2021 11:20:15;21519725;36L;12-9-2021 11:08:36;F09;VOL3V;CLEARED;null
12-9-2021 11:20:16;21519712;36L;12-9-2021 11:10:35;G03;REN2V;CLEARED;null
12-9-2021 11:20:17;21519759;36L;12-9-2021 11:12:38;G08;REN2V;CLEARED;null
12-9-2021 11:20:17;21519775;36L;12-9-2021 11:13:33;C15;KDD2V;CLEARED;null
12-9-2021 08:35:14;21519850;null;12-9-2021 11:15:00;null;null;CLEARED;null
12-9-2021 11:35:13;21520186;null;12-9-2021 11:15:00;null;null;CLEARED;null
12-9-2021 11:35:11;21519765;36L;12-9-2021 11:15:14;D43;VOL3V;CLEARED;null
12-9-2021 11:35:12;21519776;36L;12-9-2021 11:16:46;D03;BER5V;CLEARED;null
12-9-2021 11:35:12;21519777;36L;12-9-2021 11:18:19;E05;VOL3V;CLEARED;null
12-9-2021 11:35:12;21519818;24;12-9-2021 11:18:27;D1;WDY2B;CLEARED;null
12-9-2021 11:35:14;21519803;36L;12-9-2021 11:20:30;C07;REN2V;CLEARED;null
12-9-2021 11:35:14;21519797;36L;12-9-2021 11:22:25;H07;VOL3V;CLEARED;null
12-9-2021 11:35:15;21519796;04;12-9-2021 11:22:57;GD;LOP2F;NOT_RESTRICTED;12-9-2021 11:15:00
12-9-2021 11:35:15;21519763;36L;12-9-2021 11:23:27;A46;BER5V;CLEARED;null
12-9-2021 11:35:15;21520110;24;12-9-2021 11:24:05;HGR;null;CLEARED;null
12-9-2021 11:35:15;21519805;36L;12-9-2021 11:24:36;H01;LOP4V;NOT_RESTRICTED;12-9-2021 11:24:00
12-9-2021 11:35:16;21519778;36L;12-9-2021 11:25:28;D12;KDD2V;CLEARED;null
12-9-2021 11:35:15;21519947;23;12-9-2021 11:26:04;C1;null;CLEARED;null
12-9-2021 11:35:11;21519953;23;12-9-2021 11:27:00;G5;null;CLEARED;null
12-9-2021 11:35:16;21519829;21;12-9-2021 11:27:08;null;WDY1S;CLEARED;null
12-9-2021 11:35:17;21519807;36L;12-9-2021 11:27:52;D18;SPY4V;CLEARED;null
12-9-2021 11:35:17;21519579;24;12-9-2021 11:28:33;HGR;null;CLEARED;null
12-9-2021 11:50:11;21519814;36L;12-9-2021 11:29:50;B16;ARN2V;CLEARED;null
12-9-2021 08:50:12;21519853;null;12-9-2021 11:30:00;null;null;CLEARED;null
12-9-2021 08:50:12;21519854;null;12-9-2021 11:30:00;null;null;CLEARED;null
12-9-2021 09:05:12;21519886;null;12-9-2021 11:30:00;null;null;CLEARED;null
12-9-2021 11:50:11;21520058;23;12-9-2021 11:31:23;D F;null;CLEARED;null
12-9-2021 11:50:11;21519498;23;12-9-2021 11:32:25;C1;null;CLEARED;null
12-9-2021 11:50:13;21519817;36L;12-9-2021 11:33:36;G04;ARN2V;CLEARED;null
12-9-2021 11:50:14;21520130;null;12-9-2021 11:35:00;null;null;CLEARED;null
12-9-2021 11:50:13;21519813;36L;12-9-2021 11:35:24;F08;REN2V;NOT_RESTRICTED;12-9-2021 11:33:00
12-9-2021 11:50:13;21520011;24;12-9-2021 11:36:23;L;null;CLEARED;null
12-9-2021 11:50:14;21519792;36L;12-9-2021 11:37:20;E08;REN2V;CLEARED;null
12-9-2021 11:50:14;21519852;21;12-9-2021 11:37:54;null;VEL4K;CLEARED;12-9-2021 11:58:00
12-9-2021 11:50:15;21519819;36L;12-9-2021 11:39:45;D52;REN2V;CLEARED;null
12-9-2021 12:05:11;21520167;24;12-9-2021 11:40:00;HGR;null;CLEARED;null
12-9-2021 10:35:11;21519754;null;12-9-2021 11:40:00;null;null;CLEARED;null
12-9-2021 11:50:15;21520018;23;12-9-2021 11:40:51;H;GRN1M;CLEARED;null
12-9-2021 11:50:16;21519779;36L;12-9-2021 11:41:45;G07;REN2V;NOT_RESTRICTED;12-9-2021 11:34:00
12-9-2021 11:50:16;21520161;23;12-9-2021 11:42:29;null;null;CLEARED;null
12-9-2021 11:50:16;21520212;23;12-9-2021 11:43:08;C1;null;CLEARED;null
12-9-2021 11:50:17;21519790;36L;12-9-2021 11:43:32;E04;ARN2V;CLEARED;null
12-9-2021 11:50:16;21520160;24;12-9-2021 11:43:42;L;null;CLEARED;null
12-9-2021 12:05:10;21520253;23;12-9-2021 11:44:33;null;TLU3D;CLEARED;null
12-9-2021 12:05:11;21519806;36L;12-9-2021 11:44:35;A42;VOL3V;CLEARED;null
12-9-2021 12:05:11;21519887;36L;12-9-2021 11:45:31;C16;KDD2V;CLEARED;null
12-9-2021 12:05:12;21519828;36L;12-9-2021 11:47:00;A32;VOL3V;CLEARED;null
12-9-2021 12:05:15;21520230;null;12-9-2021 11:47:00;null;null;CLEARED;null
12-9-2021 12:05:12;21520196;04;12-9-2021 11:47:53;GD;REN2F;CLEARED;null
12-9-2021 12:05:12;21519864;36L;12-9-2021 11:48:10;A53;SPY4V;CLEARED;null
12-9-2021 12:05:15;21520185;null;12-9-2021 11:49:00;null;null;CLEARED;null
12-9-2021 11:50:16;21519439;null;12-9-2021 11:50:00;null;null;CLEARED;null
12-9-2021 11:50:15;21519442;null;12-9-2021 11:50:00;null;null;CLEARED;null
12-9-2021 12:05:14;21519812;36L;12-9-2021 11:50:56;G09;REN2V;CLEARED;null
12-9-2021 12:05:13;21520286;24;12-9-2021 11:51:05;X;null;CLEARED;null
12-9-2021 12:05:14;21519738;36L;12-9-2021 11:51:46;D05;KDD2V;CLEARED;null
12-9-2021 12:05:15;21520289;null;12-9-2021 11:52:00;null;null;CLEARED;null
12-9-2021 12:05:14;21519811;36L;12-9-2021 11:52:49;D51;REN2V;CLEARED;null
12-9-2021 12:05:15;21519830;36L;12-9-2021 11:53:58;D55;KDD2V;CLEARED;null
12-9-2021 12:05:14;21519914;23;12-9-2021 11:54:11;I3;null;CLEARED;null
12-9-2021 12:05:15;21519846;24;12-9-2021 11:54:56;JA;WDY2B;CLEARED;null
12-9-2021 12:05:15;21519865;36L;12-9-2021 11:55:10;D23;REN2V;CLEARED;null
12-9-2021 12:05:15;21519880;23;12-9-2021 11:56:12;J;NOV2D;CLEARED;null
12-9-2021 12:05:16;21519844;36L;12-9-2021 11:56:34;E17;BER5V;CLEARED;null
12-9-2021 12:05:17;21520199;36L;12-9-2021 11:58:04;S77;SPY4V;CLEARED;null
12-9-2021 12:05:16;21519895;21;12-9-2021 11:58:33;AZS;null;CLEARED;null
12-9-2021 12:50:18;21519881;null;12-9-2021 11:58:34;null;null;CLEARED;null
12-9-2021 12:20:10;21520138;25;12-9-2021 11:59:51;null;null;CLEARED;null
12-9-2021 11:20:13;21519538;36L;12-9-2021 12:00:00;D02;ARN2V;CLEARED;null
12-9-2021 09:20:10;21519912;null;12-9-2021 12:00:00;null;null;CLEARED;null
12-9-2021 09:20:10;21519916;null;12-9-2021 12:00:00;null;null;CLEARED;null
12-9-2021 10:50:14;21520135;null;12-9-2021 12:00:00;null;null;CLEARED;null
12-9-2021 10:50:14;21520137;null;12-9-2021 12:00:00;null;null;CLEARED;null
12-9-2021 11:20:15;21520191;null;12-9-2021 12:00:00;null;null;CLEARED;null
12-9-2021 11:35:14;21520228;null;12-9-2021 12:00:00;null;null;CLEARED;null
12-9-2021 12:20:11;21520068;24;12-9-2021 12:00:30;L F;null;CLEARED;null
12-9-2021 12:20:11;21519907;24;12-9-2021 12:00:34;HGR;null;CLEARED;null
12-9-2021 12:20:11;21519901;36L;12-9-2021 12:01:07;C09;KDD2V;CLEARED;null
12-9-2021 12:35:15;21519909;null;12-9-2021 12:04:00;null;null;CLEARED;null
12-9-2021 12:05:14;21520292;null;12-9-2021 12:04:00;null;null;CLEARED;null
12-9-2021 12:20:13;21519892;36L;12-9-2021 12:04:26;D07;REN2V;NOT_RESTRICTED;12-9-2021 12:10:00
12-9-2021 12:20:13;21519919;24;12-9-2021 12:04:45;D49;KDD3S;CLEARED;null
12-9-2021 09:35:13;21519950;null;12-9-2021 12:05:00;null;null;CLEARED;null
12-9-2021 12:20:13;21519884;23;12-9-2021 12:07:00;F;null;CLEARED;null
12-9-2021 12:20:14;21519902;36L;12-9-2021 12:07:06;C18;LOP4V;CLEARED;null
12-9-2021 12:20:14;21520064;24;12-9-2021 12:09:19;G;AND2B;CLEARED;null
12-9-2021 12:20:15;21519873;36L;12-9-2021 12:09:45;H03;REN2V;CLEARED;null
12-9-2021 12:20:15;21519927;24;12-9-2021 12:10:10;B23;KDD3S;CLEARED;null
12-9-2021 12:20:15;21520226;23;12-9-2021 12:11:49;H;null;CLEARED;null
12-9-2021 12:20:15;21519444;24;12-9-2021 12:12:33;HGR;null;CLEARED;null
12-9-2021 12:20:16;21519930;24;12-9-2021 12:13:32;D04;BER2S;CLEARED;null
12-9-2021 08:20:10;21519651;24;12-9-2021 12:14:00;GD;REN2S;NOT_RESTRICTED;12-9-2021 12:14:00
12-9-2021 12:35:11;21519921;36L;12-9-2021 12:14:05;C05;SPY4V;CLEARED;null
12-9-2021 12:35:11;21520200;23;12-9-2021 12:16:14;I3;null;CLEARED;null
12-9-2021 12:35:12;21519946;24;12-9-2021 12:16:46;C10;KDD3S;CLEARED;null
12-9-2021 12:35:12;21519911;24;12-9-2021 12:17:11;JA;ARN3B;CLEARED;null
12-9-2021 12:35:13;21519913;36L;12-9-2021 12:18:59;R77;REN2V;CLEARED;null
12-9-2021 09:50:14;21519998;null;12-9-2021 12:20:00;null;null;CLEARED;null
12-9-2021 12:35:14;21519903;24;12-9-2021 12:20:11;C08;KDD3S;NOT_RESTRICTED;12-9-2021 12:12:00
12-9-2021 12:35:14;21519924;36L;12-9-2021 12:21:00;H02;REN2V;CLEARED;null
12-9-2021 12:35:14;21519882;24;12-9-2021 12:22:34;B36;KDD3S;CLEARED;null
12-9-2021 12:35:15;21520021;24;12-9-2021 12:24:08;A34;KDD3S;NOT_RESTRICTED;12-9-2021 12:25:00
12-9-2021 13:50:11;21520350;null;12-9-2021 12:25:00;null;null;CLEARED;null
12-9-2021 12:35:16;21520030;24;12-9-2021 12:25:54;A46;KDD3S;CLEARED;null
12-9-2021 12:35:16;21520104;23;12-9-2021 12:26:00;F;null;CLEARED;null
12-9-2021 12:35:17;21520288;null;12-9-2021 12:26:00;null;null;CLEARED;null
12-9-2021 12:35:16;21520347;23;12-9-2021 12:27:29;null;null;CLEARED;null
12-9-2021 12:35:16;21519908;04;12-9-2021 12:28:00;GD;null;CLEARED;null
12-9-2021 12:35:17;21520075;24;12-9-2021 12:28:47;B32;KDD3S;CLEARED;null
12-9-2021 12:50:11;21520198;26;12-9-2021 12:29:14;null;null;CLEARED;null
12-9-2021 12:35:17;21520251;23;12-9-2021 12:29:20;I5;null;CLEARED;null
12-9-2021 12:50:12;21519910;04;12-9-2021 12:29:55;GD;REN2F;NOT_RESTRICTED;12-9-2021 12:20:00
12-9-2021 12:50:11;21520197;04;12-9-2021 12:30:00;GD;null;CLEARED;null
12-9-2021 11:35:14;21520229;null;12-9-2021 12:30:00;null;null;CLEARED;null
12-9-2021 12:50:12;21519935;21;12-9-2021 12:30:05;null;WDY1S;NOT_RESTRICTED;12-9-2021 12:30:00
12-9-2021 12:50:11;21520250;24;12-9-2021 12:30:09;L;null;CLEARED;null
12-9-2021 12:50:12;21519960;24;12-9-2021 12:30:27;C14;KDD3S;CLEARED;null
12-9-2021 12:50:13;21519945;36L;12-9-2021 12:32:21;H04;SPY4V;CLEARED;null
12-9-2021 12:50:13;21519933;24;12-9-2021 12:32:49;C11;KDD3S;CLEARED;null
12-9-2021 12:50:12;21520368;24;12-9-2021 12:33:00;null;null;CLEARED;null
12-9-2021 12:50:14;21520093;24;12-9-2021 12:34:21;B24;KDD3S;CLEARED;null
12-9-2021 12:50:14;21519944;21;12-9-2021 12:34:44;null;WDY1S;NOT_RESTRICTED;12-9-2021 12:34:00
12-9-2021 12:50:15;21519915;24;12-9-2021 12:35:36;D10;KDD3S;CLEARED;null
12-9-2021 12:50:16;21520003;null;12-9-2021 12:37:00;null;null;CLEARED;null
12-9-2021 12:50:16;21520328;null;12-9-2021 12:38:00;null;null;CLEARED;null
12-9-2021 12:50:15;21519934;23;12-9-2021 12:38:29;F;null;CLEARED;null
12-9-2021 12:50:16;21519943;36L;12-9-2021 12:39:04;A52;SPY4V;CLEARED;null
12-9-2021 12:50:16;21520385;null;12-9-2021 12:40:00;null;null;CLEARED;null
12-9-2021 12:50:17;21519958;36L;12-9-2021 12:40:15;C06;ARN2V;CLEARED;null
12-9-2021 12:50:17;21519987;36L;12-9-2021 12:41:28;C15;LOP4V;NOT_RESTRICTED;12-9-2021 12:46:00
12-9-2021 13:05:10;21519975;36L;12-9-2021 12:44:10;E19;BER5V;CLEARED;null
12-9-2021 13:05:10;21520102;21;12-9-2021 12:45:05;null;null;CLEARED;null
12-9-2021 13:05:12;21519928;36L;12-9-2021 12:46:38;A44;LOP4V;NOT_RESTRICTED;12-9-2021 12:39:00
12-9-2021 13:05:11;21520022;24;12-9-2021 12:46:58;HGR;null;CLEARED;null
12-9-2021 13:05:12;21520057;23;12-9-2021 12:47:01;null;RLU2D;CLEARED;null
12-9-2021 13:05:12;21519974;36L;12-9-2021 12:47:33;A45;SPY4V;CLEARED;null
12-9-2021 13:05:12;21520059;21;12-9-2021 12:47:40;null;null;CLEARED;null
12-9-2021 13:05:12;21520140;23;12-9-2021 12:48:02;H;null;CLEARED;null
12-9-2021 13:05:13;21519985;36L;12-9-2021 12:48:34;G02;REN2V;CLEARED;null
12-9-2021 13:05:13;21519978;36L;12-9-2021 12:49:35;C13;SPY4V;CLEARED;null
12-9-2021 13:05:13;21519989;24;12-9-2021 12:49:53;JA;WDY2B;null;12-9-2021 12:54:00
12-9-2021 13:05:14;21519956;36L;12-9-2021 12:50:25;D43;REN2V;CLEARED;null
12-9-2021 13:05:14;21519979;36L;12-9-2021 12:51:47;D41;SPY4V;CLEARED;null
12-9-2021 13:05:14;21520326;23;12-9-2021 12:52:25;null;null;CLEARED;null
12-9-2021 13:05:14;21520038;23;12-9-2021 12:52:30;F;null;CLEARED;null
12-9-2021 13:05:15;21519957;36L;12-9-2021 12:53:03;A43;REN2V;CLEARED;null
12-9-2021 13:05:14;21520267;23;12-9-2021 12:53:24;G4;null;CLEARED;null
12-9-2021 13:05:15;21519983;36L;12-9-2021 12:54:16;E20;SPY4V;CLEARED;null
12-9-2021 13:05:16;21519973;36L;12-9-2021 12:55:56;E24;REN2V;NOT_RESTRICTED;12-9-2021 12:50:00
12-9-2021 13:05:17;21519929;36L;12-9-2021 12:57:44;G05;VOL3V;CLEARED;null
12-9-2021 13:05:17;21519977;24;12-9-2021 12:58:29;L;null;CLEARED;null
12-9-2021 13:20:09;21519972;36L;12-9-2021 12:59:20;E02;BER5V;CLEARED;null
12-9-2021 13:05:17;21520024;21;12-9-2021 12:59:26;AZ;LNO2B;NOT_RESTRICTED;12-9-2021 13:05:00
12-9-2021 10:20:11;21520040;null;12-9-2021 13:00:00;null;null;CLEARED;null
12-9-2021 10:35:13;21520106;null;12-9-2021 13:00:00;null;null;CLEARED;null
12-9-2021 12:35:16;21520355;null;12-9-2021 13:00:00;null;null;CLEARED;null
12-9-2021 13:20:10;21520061;36L;12-9-2021 13:01:12;S79;ARN2V;CLEARED;null
12-9-2021 13:20:11;21520182;21;12-9-2021 13:01:48;D3;LNO2B;NOT_RESTRICTED;12-9-2021 12:55:00
12-9-2021 13:50:11;21520027;null;12-9-2021 13:02:00;null;null;CLEARED;null
12-9-2021 13:20:11;21519984;36L;12-9-2021 13:03:28;D57;REN2V;CLEARED;12-9-2021 13:24:00
12-9-2021 13:20:11;21520014;21;12-9-2021 13:04:14;null;VEL4K;CLEARED;null
12-9-2021 13:20:12;21520128;36L;12-9-2021 13:04:40;B28;KDD2V;CLEARED;null
12-9-2021 14:05:11;21520322;21;12-9-2021 13:05:00;null;null;CLEARED;null
12-9-2021 13:20:13;21520281;null;12-9-2021 13:05:00;null;null;CLEARED;null
12-9-2021 13:20:12;21519990;36L;12-9-2021 13:05:28;D03;SPY4V;CLEARED;null
12-9-2021 13:20:12;21520321;23;12-9-2021 13:06:42;F;null;CLEARED;null
12-9-2021 13:20:13;21520007;36L;12-9-2021 13:06:42;A51;REN2V;CLEARED;null
12-9-2021 13:20:13;21520063;36L;12-9-2021 13:07:47;H01;VOL3V;CLEARED;null
12-9-2021 13:20:14;21519991;36L;12-9-2021 13:08:34;D47;REN2V;CLEARED;12-9-2021 13:22:00
12-9-2021 13:20:13;21520044;21;12-9-2021 13:08:35;null;VEL4K;CLEARED;null
12-9-2021 13:20:15;21520029;36L;12-9-2021 13:10:27;B16;REN2V;CLEARED;null
12-9-2021 13:20:15;21520080;36L;12-9-2021 13:11:38;S67;KDD2V;NOT_RESTRICTED;12-9-2021 13:04:00
12-9-2021 13:20:15;21520004;23;12-9-2021 13:12:42;F;null;CLEARED;null
12-9-2021 13:20:16;21519992;36L;12-9-2021 13:13:11;E06;SPY4V;CLEARED;null
12-9-2021 13:35:11;21519993;36L;12-9-2021 13:14:38;R80;REN2V;CLEARED;null
12-9-2021 14:05:13;21520168;null;12-9-2021 13:15:00;null;null;CLEARED;null
12-9-2021 13:35:10;21520313;23;12-9-2021 13:15:11;D;null;CLEARED;null
12-9-2021 13:35:11;21520035;21;12-9-2021 13:15:53;null;VEL4K;NOT_RESTRICTED;12-9-2021 13:10:00
12-9-2021 13:35:12;21520026;36L;12-9-2021 13:17:10;B27;REN2V;CLEARED;null
12-9-2021 13:35:11;21520337;23;12-9-2021 13:17:12;F;null;CLEARED;null
12-9-2021 13:35:12;21520043;21;12-9-2021 13:17:59;null;VEL4K;CLEARED;null
12-9-2021 13:35:13;21520039;36L;12-9-2021 13:19:15;A35;LOP4V;CLEARED;12-9-2021 13:09:00
12-9-2021 13:35:14;21520006;04;12-9-2021 13:20:59;GD;REN2F;CLEARED;null
12-9-2021 13:35:14;21520254;23;12-9-2021 13:22:34;null;null;CLEARED;null
12-9-2021 13:35:14;21520338;23;12-9-2021 13:22:40;D;null;CLEARED;null
12-9-2021 13:35:16;21520070;36L;12-9-2021 13:26:05;E04;REN2V;CLEARED;null
12-9-2021 13:35:17;21520034;36L;12-9-2021 13:28:17;H03;VOL3V;CLEARED;null
12-9-2021 13:35:17;21520458;21;12-9-2021 13:28:35;null;ESK4K;CLEARED;null
12-9-2021 13:35:17;21520460;24;12-9-2021 13:29:00;HGR;null;CLEARED;null
12-9-2021 13:35:17;21520118;24;12-9-2021 13:29:03;L;null;CLEARED;null
12-9-2021 13:50:10;21520045;36L;12-9-2021 13:29:11;D16;REN2V;CLEARED;null
12-9-2021 13:50:12;21520042;null;12-9-2021 13:30:00;null;null;CLEARED;null
12-9-2021 10:50:11;21520119;null;12-9-2021 13:30:00;null;null;CLEARED;null
12-9-2021 12:20:13;21520320;null;12-9-2021 13:30:00;null;null;CLEARED;null
12-9-2021 13:50:11;21520072;36L;12-9-2021 13:30:37;B15;KDD2V;CLEARED;null
12-9-2021 13:50:12;21520085;36L;12-9-2021 13:33:00;C12;REN2V;CLEARED;null
12-9-2021 13:50:12;21520083;24;12-9-2021 13:33:28;JA;WDY2B;NOT_RESTRICTED;12-9-2021 13:31:00
12-9-2021 13:50:12;21520422;23;12-9-2021 13:33:30;F;null;CLEARED;null
12-9-2021 13:50:12;21520136;24;12-9-2021 13:34:29;L;null;CLEARED;null
12-9-2021 13:50:13;21520086;36L;12-9-2021 13:34:55;B31;SPY4V;CLEARED;null
12-9-2021 13:50:12;21520065;21;12-9-2021 13:35:00;null;VEL4K;CLEARED;null
12-9-2021 13:50:15;21520468;24;12-9-2021 13:35:00;HGR;null;CLEARED;null
12-9-2021 13:50:13;21520084;21;12-9-2021 13:36:24;null;WDY1S;null;12-9-2021 13:37:00
12-9-2021 13:50:13;21520099;36L;12-9-2021 13:36:34;D05;REN2V;CLEARED;null
12-9-2021 13:50:14;21520112;21;12-9-2021 13:38:56;null;LNO6K;CLEARED;null
12-9-2021 13:50:15;21520195;21;12-9-2021 13:40:29;null;null;CLEARED;null
12-9-2021 13:50:15;21519988;36L;12-9-2021 13:40:40;G07;REN2V;CLEARED;null
12-9-2021 13:50:15;21520148;24;12-9-2021 13:41:55;HGR;null;CLEARED;null
12-9-2021 13:50:16;21520113;36L;12-9-2021 13:42:15;E08;KDD2V;CLEARED;null
12-9-2021 13:50:15;21520446;23;12-9-2021 13:42:24;F;null;CLEARED;null
12-9-2021 14:05:11;21520096;36L;12-9-2021 13:44:19;D51;SPY4V;CLEARED;null
12-9-2021 11:05:11;21520150;null;12-9-2021 13:45:00;null;null;CLEARED;null
12-9-2021 13:20:12;21520424;null;12-9-2021 13:45:00;null;null;CLEARED;null
12-9-2021 14:05:11;21520120;36L;12-9-2021 13:45:31;C08;REN2V;CLEARED;null
12-9-2021 14:05:12;21520095;36L;12-9-2021 13:46:59;D12;KDD2V;CLEARED;null
12-9-2021 14:05:13;21520147;24;12-9-2021 13:47:00;HGR;null;CLEARED;null
12-9-2021 14:05:12;21520087;36L;12-9-2021 13:48:29;A63;ARN2V;NOT_RESTRICTED;12-9-2021 13:48:00
12-9-2021 14:05:13;21520046;36L;12-9-2021 13:49:25;B17;KDD2V;CLEARED;null
12-9-2021 14:05:13;21520100;36L;12-9-2021 13:50:25;G06;REN2V;CLEARED;null
12-9-2021 14:05:14;21520098;36L;12-9-2021 13:52:01;E07;VOL3V;CLEARED;null
12-9-2021 14:05:15;21520144;36L;12-9-2021 13:56:24;H06;KDD2V;NOT_RESTRICTED;12-9-2021 13:55:00
12-9-2021 14:05:15;21520036;21;12-9-2021 13:56:28;AZ;NET1B;null;12-9-2021 14:01:00
12-9-2021 14:05:15;21520415;24;12-9-2021 13:57:00;L;null;CLEARED;null
12-9-2021 14:05:16;21520145;36L;12-9-2021 13:57:03;D43;REN2V;CLEARED;null
12-9-2021 14:05:16;21520133;36L;12-9-2021 13:58:15;C07;LOP4V;CLEARED;null
12-9-2021 11:20:10;21520178;null;12-9-2021 14:00:00;null;null;CLEARED;null
12-9-2021 13:20:12;21520427;null;12-9-2021 14:00:00;null;null;CLEARED;null
12-9-2021 14:20:11;21520153;36L;12-9-2021 14:00:37;H02;VOL3V;CLEARED;null
12-9-2021 14:20:11;21520225;23;12-9-2021 14:01:15;null;RUM3D;CLEARED;null
12-9-2021 14:20:12;21520097;36L;12-9-2021 14:02:45;F09;BER5V;CLEARED;null
12-9-2021 14:20:14;21520171;null;12-9-2021 14:03:00;null;null;CLEARED;null
12-9-2021 14:20:13;21520461;04;12-9-2021 14:04:13;GD;REN2F;CLEARED;null
12-9-2021 14:20:13;21520143;36L;12-9-2021 14:04:59;D14;BER5V;CLEARED;null
12-9-2021 14:20:13;21520183;21;12-9-2021 14:05:06;null;VEL4K;CLEARED;null
12-9-2021 14:20:13;21520151;36L;12-9-2021 14:06:21;A41;VOL3V;CLEARED;null
12-9-2021 14:05:16;21520561;null;12-9-2021 14:08:00;null;null;CLEARED;null
12-9-2021 14:20:14;21520158;36L;12-9-2021 14:08:47;A33;ARN2V;CLEARED;null
12-9-2021 14:20:15;21520163;36L;12-9-2021 14:09:55;B35;SPY4V;CLEARED;null
12-9-2021 14:20:15;21520488;23;12-9-2021 14:11:00;H;null;CLEARED;null
12-9-2021 14:20:16;21520157;36L;12-9-2021 14:11:27;D54;REN2V;NOT_RESTRICTED;12-9-2021 14:09:00
12-9-2021 14:20:16;21520173;24;12-9-2021 14:12:14;C2;WDY2B;NOT_RESTRICTED;12-9-2021 14:10:00
12-9-2021 14:35:12;21520165;36C;12-9-2021 14:13:53;D52;IVL4W;NOT_RESTRICTED;12-9-2021 14:08:00
12-9-2021 14:35:12;21520176;36L;12-9-2021 14:14:45;A44;BER5V;CLEARED;null
12-9-2021 14:35:12;21520179;36C;12-9-2021 14:15:20;B32;OGI4W;CLEARED;12-9-2021 14:16:00
12-9-2021 14:35:12;21520414;24;12-9-2021 14:16:13;L;null;CLEARED;null
12-9-2021 14:35:13;21519981;04;12-9-2021 14:17:02;GD;REN2F;CLEARED;null
12-9-2021 14:20:13;21519700;180;12-9-2021 14:18:00;null;null;CLEARED;null
12-9-2021 14:35:13;21520242;24;12-9-2021 14:19:25;L;null;CLEARED;null
12-9-2021 14:35:14;21520193;24;12-9-2021 14:20:41;B1;WDY2B;CLEARED;null
12-9-2021 14:50:13;21520496;null;12-9-2021 14:22:00;null;null;CLEARED;null
12-9-2021 14:35:15;21520209;21;12-9-2021 14:22:58;null;WDY1S;NOT_RESTRICTED;12-9-2021 14:25:00
12-9-2021 14:35:16;21520177;36L;12-9-2021 14:23:46;D49;VOL3V;CLEARED;null
12-9-2021 14:35:17;21520207;36L;12-9-2021 14:26:56;A42;SPY4V;CLEARED;null
12-9-2021 14:50:13;21520498;null;12-9-2021 14:27:00;null;null;CLEARED;null
12-9-2021 14:35:17;21520210;21;12-9-2021 14:27:05;null;WDY1S;CLEARED;null
12-9-2021 14:35:17;21520204;36C;12-9-2021 14:27:19;F04;NYK5W;CLEARED;null
12-9-2021 14:35:17;21520192;36L;12-9-2021 14:28:05;A54;BER5V;CLEARED;null
12-9-2021 14:50:11;21520589;36C;12-9-2021 14:29:05;S82;IVL4W;CLEARED;null
12-9-2021 11:50:10;21520239;null;12-9-2021 14:30:00;null;null;CLEARED;null
12-9-2021 12:35:13;21520343;null;12-9-2021 14:30:00;null;null;CLEARED;null
12-9-2021 14:05:13;21520542;null;12-9-2021 14:30:00;null;null;CLEARED;null
12-9-2021 14:50:11;21520172;04;12-9-2021 14:30:06;GD;ARN3F;NOT_RESTRICTED;12-9-2021 14:28:00
12-9-2021 14:35:14;21520634;null;12-9-2021 14:31:00;null;null;CLEARED;null
12-9-2021 14:50:12;21520222;36C;12-9-2021 14:32:10;G08;IVL4W;CLEARED;null
12-9-2021 14:50:12;21520217;24;12-9-2021 14:32:25;D1;WDY2B;null;12-9-2021 14:36:00
12-9-2021 14:50:12;21520221;36L;12-9-2021 14:32:41;B20;SPY4V;CLEARED;null
12-9-2021 14:50:13;21520175;36C;12-9-2021 14:33:09;D04;WDY3W;NOT_RESTRICTED;12-9-2021 14:28:00
12-9-2021 14:50:13;21520211;04;12-9-2021 14:34:00;GD;null;CLEARED;null
12-9-2021 14:50:13;21520233;36C;12-9-2021 14:34:45;B31;IVL4W;CLEARED;null
12-9-2021 15:05:16;21520270;21;12-9-2021 14:35:00;null;null;CLEARED;null
12-9-2021 14:50:14;21520220;36C;12-9-2021 14:36:13;C09;IVL4W;CLEARED;null
12-9-2021 14:50:14;21520218;36L;12-9-2021 14:37:06;B28;SPY4V;CLEARED;null
12-9-2021 14:50:15;21520206;36L;12-9-2021 14:37:55;D03;BER5V;CLEARED;null
12-9-2021 14:50:15;21520231;36L;12-9-2021 14:39:09;A32;SPY4V;CLEARED;null
12-9-2021 14:50:15;21520194;36L;12-9-2021 14:40:15;A43;BER5V;CLEARED;null
12-9-2021 14:50:15;21520261;23;12-9-2021 14:40:48;CLU;null;CLEARED;null
12-9-2021 14:50:16;21520240;36C;12-9-2021 14:41:31;A45;IVL4W;CLEARED;null
12-9-2021 14:50:16;21520264;23;12-9-2021 14:41:55;F;null;CLEARED;null
12-9-2021 14:50:16;21520574;21;12-9-2021 14:43:55;AZS;null;CLEARED;null
12-9-2021 14:20:15;21520348;null;12-9-2021 14:45:00;null;null;CLEARED;null
12-9-2021 13:50:12;21520494;null;12-9-2021 14:45:00;null;null;CLEARED;null
12-9-2021 15:05:11;21520205;36L;12-9-2021 14:45:01;D93;SPY4V;CLEARED;null
12-9-2021 15:05:12;21520238;23;12-9-2021 14:49:43;G5;null;CLEARED;null
12-9-2021 15:05:13;21520219;36L;12-9-2021 14:50:08;E06;BER5V;CLEARED;null
12-9-2021 15:05:13;21520162;36C;12-9-2021 14:50:34;E05;IVL4W;NOT_RESTRICTED;12-9-2021 14:45:00
12-9-2021 15:05:13;21520234;36L;12-9-2021 14:51:43;D18;BER5V;CLEARED;null
12-9-2021 15:05:13;21520330;21;12-9-2021 14:52:12;AZS;null;CLEARED;null
12-9-2021 15:05:14;21520272;36C;12-9-2021 14:52:55;A46;WDY3W;NOT_RESTRICTED;12-9-2021 14:53:00
12-9-2021 15:05:13;21520674;24;12-9-2021 14:53:06;null;null;CLEARED;null
12-9-2021 15:05:14;21520262;36C;12-9-2021 14:53:59;H01;IVL4W;NOT_RESTRICTED;12-9-2021 14:55:00
12-9-2021 15:05:14;21520189;36L;12-9-2021 14:54:30;S94;BER5V;CLEARED;null
12-9-2021 13:20:12;21520416;null;12-9-2021 14:55:00;null;null;CLEARED;null
12-9-2021 15:05:14;21520543;24;12-9-2021 14:55:04;HGR;COA2B;CLEARED;null
12-9-2021 15:05:14;21520237;23;12-9-2021 14:55:06;D F;null;CLEARED;null
12-9-2021 15:05:15;21520243;36C;12-9-2021 14:55:07;C12;WDY3W;CLEARED;null
12-9-2021 15:05:15;21520587;21;12-9-2021 14:56:01;null;LER3M;CLEARED;null
12-9-2021 15:05:15;21520283;36C;12-9-2021 14:56:29;B16;NYK5W;CLEARED;null
12-9-2021 15:05:15;21520664;04;12-9-2021 14:57:00;HG0;null;CLEARED;null
12-9-2021 15:05:16;21520241;36L;12-9-2021 14:57:07;A73;VOL3V;CLEARED;null
12-9-2021 15:05:16;21520257;36C;12-9-2021 14:58:16;A74;IVL4W;CLEARED;null
12-9-2021 15:05:16;21520258;36L;12-9-2021 14:58:37;A64;VOL3V;CLEARED;null
12-9-2021 15:20:12;21520268;36L;12-9-2021 14:59:35;C05;SPY4V;CLEARED;null
12-9-2021 15:20:12;21520256;36C;12-9-2021 14:59:57;B15;IVL4W;NOT_RESTRICTED;12-9-2021 14:51:00
12-9-2021 13:35:12;21520037;04;12-9-2021 15:00:00;GD;REN2F;CLEARED;null
12-9-2021 12:20:10;21520310;null;12-9-2021 15:00:00;null;null;CLEARED;null
12-9-2021 15:20:13;21520613;null;12-9-2021 15:01:00;null;null;CLEARED;null
12-9-2021 15:20:13;21520685;null;12-9-2021 15:01:00;null;null;CLEARED;null
12-9-2021 15:20:13;21520232;36L;12-9-2021 15:01:16;A53;VOL3V;CLEARED;null
12-9-2021 15:20:13;21520260;36C;12-9-2021 15:01:41;B24;OGI4W;CLEARED;null
12-9-2021 15:20:13;21520285;36C;12-9-2021 15:02:33;A35;NYK5W;CLEARED;null
12-9-2021 15:20:14;21520249;36L;12-9-2021 15:03:36;A62;BER5V;CLEARED;null
12-9-2021 15:20:13;21520611;23;12-9-2021 15:03:46;F;null;CLEARED;null
12-9-2021 15:20:14;21520294;24;12-9-2021 15:04:55;D2;WDY2B;NOT_RESTRICTED;12-9-2021 15:05:00
12-9-2021 15:20:15;21520274;36L;12-9-2021 15:05:47;C15;SPY4V;CLEARED;null
12-9-2021 15:20:15;21520174;23;12-9-2021 15:08:05;D F;null;CLEARED;null
12-9-2021 15:20:16;21520307;36L;12-9-2021 15:09:05;H03;REN2V;CLEARED;null
12-9-2021 15:20:16;21520331;21;12-9-2021 15:09:46;AZ;LNO2B;CLEARED;null
12-9-2021 15:20:16;21520588;23;12-9-2021 15:10:38;G5;null;CLEARED;null
12-9-2021 15:35:11;21520676;null;12-9-2021 15:12:00;null;null;CLEARED;null
12-9-2021 15:20:17;21520617;23;12-9-2021 15:13:00;G5;null;CLEARED;null
12-9-2021 15:20:18;21520293;36L;12-9-2021 15:13:48;H04;KDD2V;NOT_RESTRICTED;12-9-2021 15:13:00
12-9-2021 15:35:11;21520235;36L;12-9-2021 15:14:32;D55;REN2V;null;12-9-2021 15:16:00
12-9-2021 13:50:12;21520495;null;12-9-2021 15:15:00;null;null;CLEARED;null
12-9-2021 15:35:12;21520121;36L;12-9-2021 15:16:00;G03;BER5V;CLEARED;null
12-9-2021 15:35:13;21520146;36L;12-9-2021 15:18:12;G04;REN2V;null;12-9-2021 15:19:00
12-9-2021 15:35:13;21520296;36L;12-9-2021 15:19:19;D56;KDD2V;NOT_RESTRICTED;12-9-2021 15:12:00
12-9-2021 15:35:13;21520301;36L;12-9-2021 15:20:31;B36;REN2V;NOT_RESTRICTED;12-9-2021 15:16:00
12-9-2021 15:35:14;21520303;36L;12-9-2021 15:21:43;D07;REN2V;CLEARED;null
12-9-2021 15:35:15;21520269;36L;12-9-2021 15:23:28;B27;ARN2V;NOT_RESTRICTED;12-9-2021 15:28:00
12-9-2021 15:35:15;21520305;04;12-9-2021 15:23:36;GD;KDD2F;null;12-9-2021 15:23:00
12-9-2021 15:35:15;21520304;36L;12-9-2021 15:24:34;A75;SPY4V;CLEARED;null
12-9-2021 15:35:15;21520308;21;12-9-2021 15:24:35;B1;NET1B;CLEARED;null
12-9-2021 15:35:15;21520564;04;12-9-2021 15:26:00;GD;null;CLEARED;null
12-9-2021 15:50:14;21520707;null;12-9-2021 15:26:00;null;null;CLEARED;null
12-9-2021 15:35:16;21520302;36L;12-9-2021 15:26:06;E18;BER5V;CLEARED;null
12-9-2021 15:50:14;21520677;null;12-9-2021 15:27:00;null;null;CLEARED;null
12-9-2021 15:35:12;21520708;null;12-9-2021 15:27:00;null;null;CLEARED;null
12-9-2021 15:35:16;21520421;21;12-9-2021 15:27:13;C5s;NET1B;CLEARED;null
12-9-2021 15:35:17;21520271;36L;12-9-2021 15:28:30;C16;REN2V;null;12-9-2021 15:33:00
12-9-2021 15:35:16;21520563;23;12-9-2021 15:28:50;D G;null;CLEARED;null
12-9-2021 15:35:16;21520361;24;12-9-2021 15:29:00;L;null;CLEARED;null
12-9-2021 15:50:11;21520325;36L;12-9-2021 15:29:56;D57;VOL3V;CLEARED;12-9-2021 15:38:00
12-9-2021 14:35:14;21520633;null;12-9-2021 15:30:00;null;null;CLEARED;null
12-9-2021 14:35:14;21520635;null;12-9-2021 15:30:00;null;null;CLEARED;null
12-9-2021 15:50:12;21520300;36L;12-9-2021 15:31:09;A51;BER5V;CLEARED;null
12-9-2021 15:50:12;21520358;36L;12-9-2021 15:32:32;H05;LOP4V;CLEARED;null
12-9-2021 15:50:12;21520359;24;12-9-2021 15:32:53;L;null;CLEARED;null
12-9-2021 15:50:13;21520463;null;12-9-2021 15:33:00;null;null;CLEARED;null
12-9-2021 15:50:13;21520236;36L;12-9-2021 15:34:16;G02;REN2V;CLEARED;null
12-9-2021 15:50:13;21520362;23;12-9-2021 15:34:54;CLU;null;CLEARED;null
12-9-2021 15:50:14;21520316;36L;12-9-2021 15:35:32;D53;KDD2V;NOT_RESTRICTED;12-9-2021 15:38:00
12-9-2021 15:50:14;21520661;24;12-9-2021 15:36:00;HGR;null;CLEARED;null
12-9-2021 15:50:14;21520353;04;12-9-2021 15:37:00;GD;REN2F;CLEARED;null
12-9-2021 15:50:14;21520284;36L;12-9-2021 15:37:12;B32;KDD2V;CLEARED;null
12-9-2021 13:35:11;21520444;null;12-9-2021 15:38:00;null;null;CLEARED;null
12-9-2021 15:50:14;21520311;36L;12-9-2021 15:38:15;E03;BER5V;CLEARED;null
12-9-2021 16:20:15;21520365;null;12-9-2021 15:39:00;null;null;CLEARED;null
12-9-2021 15:35:13;21520354;04;12-9-2021 15:40:00;GD;ARN3F;NOT_RESTRICTED;12-9-2021 15:40:00
12-9-2021 15:50:12;21520610;null;12-9-2021 15:40:05;null;null;CLEARED;null
12-9-2021 15:50:16;21520323;36L;12-9-2021 15:41:38;B35;LOP4V;NOT_RESTRICTED;12-9-2021 15:46:00
12-9-2021 15:50:15;21520366;24;12-9-2021 15:41:45;VCR;null;CLEARED;null
12-9-2021 15:50:16;21520333;36L;12-9-2021 15:43:11;D05;KDD2V;NOT_RESTRICTED;12-9-2021 15:46:00
12-9-2021 16:05:12;21520332;36L;12-9-2021 15:44:56;A34;VOL3V;CLEARED;null
12-9-2021 15:50:13;21520744;null;12-9-2021 15:46:00;null;null;CLEARED;null
12-9-2021 16:05:12;21520367;24;12-9-2021 15:46:51;C1;WDY2B;NOT_RESTRICTED;12-9-2021 15:40:00
12-9-2021 16:05:12;21520122;23;12-9-2021 15:47:29;CLU;null;CLEARED;null
12-9-2021 16:05:13;21520360;36L;12-9-2021 15:47:51;H06;ARN2V;NOT_RESTRICTED;12-9-2021 15:45:00
12-9-2021 16:05:13;21520378;36L;12-9-2021 15:50:32;H02;BER5V;CLEARED;null
12-9-2021 16:05:14;21520392;23;12-9-2021 15:52:55;F;null;CLEARED;null
12-9-2021 16:05:14;21520779;null;12-9-2021 15:54:00;null;null;CLEARED;null
12-9-2021 16:05:14;21520773;22;12-9-2021 15:55:00;HG0;null;CLEARED;null
12-9-2021 13:50:13;21520381;null;12-9-2021 15:55:00;null;null;CLEARED;null
12-9-2021 16:05:14;21520783;null;12-9-2021 15:55:00;null;null;CLEARED;null
12-9-2021 16:20:13;21520425;null;12-9-2021 15:57:00;null;null;CLEARED;null
12-9-2021 16:05:15;21520528;36L;12-9-2021 15:57:05;R80;REN2V;CLEARED;null
12-9-2021 16:05:15;21520364;23;12-9-2021 15:58:41;G5;null;CLEARED;null
12-9-2021 10:50:14;21519798;null;12-9-2021 16:00:00;null;null;CLEARED;null
12-9-2021 14:20:16;21520618;null;12-9-2021 16:00:00;null;null;CLEARED;null
12-9-2021 16:20:13;21520384;21;12-9-2021 16:01:09;null;LNO6K;CLEARED;null
12-9-2021 16:20:13;21520363;36L;12-9-2021 16:02:24;C18;SPY4V;CLEARED;null
12-9-2021 16:20:15;21520398;null;12-9-2021 16:03:00;null;null;CLEARED;null
12-9-2021 16:20:14;21519980;36L;12-9-2021 16:03:52;C07;KDD2V;CLEARED;null
12-9-2021 16:20:15;21520439;null;12-9-2021 16:05:00;null;null;CLEARED;null
12-9-2021 16:20:14;21520342;36L;12-9-2021 16:05:22;A72;REN2V;CLEARED;null
12-9-2021 16:20:15;21520395;36L;12-9-2021 16:06:34;D47;KDD2V;NOT_RESTRICTED;12-9-2021 16:07:00
12-9-2021 16:20:15;21520637;null;12-9-2021 16:07:00;null;null;CLEARED;null
12-9-2021 16:20:15;21520391;21;12-9-2021 16:09:24;null;VEL4K;CLEARED;null
12-9-2021 16:20:16;21520382;36L;12-9-2021 16:12:15;C15;SPY4V;CLEARED;null
12-9-2021 16:35:11;21520815;24;12-9-2021 16:13:00;X;null;CLEARED;null
12-9-2021 16:20:17;21520400;36L;12-9-2021 16:13:25;E02;BER5V;CLEARED;null
12-9-2021 16:20:16;21520405;24;12-9-2021 16:13:31;B2;LUN2B;CLEARED;null
12-9-2021 16:35:12;21520397;36L;12-9-2021 16:15:54;H01;KDD2V;NOT_RESTRICTED;12-9-2021 16:16:00
12-9-2021 16:35:12;21520545;24;12-9-2021 16:16:00;L;null;CLEARED;null
12-9-2021 16:35:12;21520383;21;12-9-2021 16:16:59;null;LNO6K;CLEARED;null
12-9-2021 16:35:13;21520417;36L;12-9-2021 16:20:18;G07;KDD2V;NOT_RESTRICTED;12-9-2021 16:22:00
12-9-2021 16:20:16;21520814;null;12-9-2021 16:21:00;null;null;CLEARED;null
12-9-2021 16:35:14;21520441;36L;12-9-2021 16:21:42;G06;ARN2V;CLEARED;null
12-9-2021 16:50:11;21520759;null;12-9-2021 16:22:00;null;null;CLEARED;null
12-9-2021 16:35:14;21520504;21;12-9-2021 16:23:08;null;WDY1S;null;12-9-2021 16:28:00
12-9-2021 16:35:15;21520396;36L;12-9-2021 16:25:43;D04;REN2V;NOT_RESTRICTED;12-9-2021 16:24:00
12-9-2021 16:35:11;21520822;null;12-9-2021 16:26:00;null;null;CLEARED;null
12-9-2021 16:35:15;21520394;21;12-9-2021 16:26:10;null;LNO6K;CLEARED;null
12-9-2021 16:35:15;21520420;36L;12-9-2021 16:26:55;D51;KDD2V;NOT_RESTRICTED;12-9-2021 16:22:00
12-9-2021 16:50:11;21520431;36L;12-9-2021 16:28:58;D52;KDD2V;NOT_RESTRICTED;12-9-2021 16:27:00
12-9-2021 16:20:15;21520807;null;12-9-2021 16:30:00;null;null;CLEARED;null
12-9-2021 16:50:12;21520456;36L;12-9-2021 16:31:15;B27;KDD2V;NOT_RESTRICTED;12-9-2021 16:36:00
12-9-2021 16:50:13;21520715;null;12-9-2021 16:34:00;null;null;CLEARED;null
12-9-2021 16:35:14;21520832;null;12-9-2021 16:35:00;null;null;CLEARED;null
12-9-2021 16:50:13;21520418;36L;12-9-2021 16:35:23;D49;BER5V;CLEARED;null
12-9-2021 16:50:13;21520453;36L;12-9-2021 16:36:52;C13;REN2V;CLEARED;null
12-9-2021 16:50:14;21520454;36L;12-9-2021 16:38:09;G02;BER5V;CLEARED;null
12-9-2021 16:50:14;21520295;21;12-9-2021 16:39:51;null;VEL4K;CLEARED;null
12-9-2021 16:50:15;21520440;null;12-9-2021 16:41:00;null;null;CLEARED;null
12-9-2021 16:50:15;21520430;36L;12-9-2021 16:42:14;D12;SPY4V;CLEARED;null
12-9-2021 16:50:15;21520718;23;12-9-2021 16:43:07;H;null;CLEARED;null
12-9-2021 17:05:11;21520452;36L;12-9-2021 16:46:45;H03;KDD2V;NOT_RESTRICTED;12-9-2021 16:45:00
12-9-2021 17:05:11;21520477;36L;12-9-2021 16:47:55;G05;REN2V;CLEARED;null
12-9-2021 17:50:13;21520904;null;12-9-2021 16:50:00;null;null;CLEARED;null
12-9-2021 17:05:12;21520482;36L;12-9-2021 16:50:16;B23;REN2V;CLEARED;null
12-9-2021 17:05:13;21520855;null;12-9-2021 16:51:00;null;null;CLEARED;null
12-9-2021 17:05:12;21520502;36L;12-9-2021 16:51:23;C06;SPY4V;CLEARED;null
12-9-2021 17:05:12;21520399;21;12-9-2021 16:51:28;null;WDY1S;NOT_RESTRICTED;12-9-2021 16:55:00
12-9-2021 17:05:12;21520573;23;12-9-2021 16:52:09;CLU;null;CLEARED;null
12-9-2021 17:20:10;21520823;null;12-9-2021 16:53:00;null;null;CLEARED;null
12-9-2021 17:05:13;21520500;36L;12-9-2021 16:53:11;D18;VOL3V;CLEARED;null
12-9-2021 17:05:13;21520507;36L;12-9-2021 16:54:29;C05;KDD2V;CLEARED;null
12-9-2021 17:05:14;21520508;36L;12-9-2021 16:55:31;B20;REN2V;CLEARED;null
12-9-2021 17:05:10;21520863;null;12-9-2021 16:56:00;null;null;CLEARED;null
12-9-2021 17:05:14;21520535;36L;12-9-2021 16:56:39;C12;SPY4V;CLEARED;null
12-9-2021 17:05:14;21520869;24;12-9-2021 16:57:00;null;null;CLEARED;null
12-9-2021 17:05:14;21520501;21;12-9-2021 16:57:56;null;LNO6K;NOT_RESTRICTED;12-9-2021 17:03:00
12-9-2021 15:50:15;21520747;null;12-9-2021 17:00:00;null;null;CLEARED;null
12-9-2021 17:20:11;21520555;21;12-9-2021 17:02:01;A1;LNO2B;CLEARED;null
12-9-2021 17:20:12;21520536;36L;12-9-2021 17:06:28;D54;KDD2V;NOT_RESTRICTED;12-9-2021 17:10:00
12-9-2021 17:20:13;21520514;36L;12-9-2021 17:09:37;H06;LOP4V;CLEARED;null
12-9-2021 17:20:13;21520553;36L;12-9-2021 17:10:57;H02;VOL3V;CLEARED;null
12-9-2021 17:20:14;21520603;24;12-9-2021 17:13:20;JA;WDY2B;CLEARED;null
12-9-2021 16:20:17;21520515;36L;12-9-2021 17:15:00;S77;REN2V;CLEARED;null
12-9-2021 17:35:12;21520605;36L;12-9-2021 17:16:48;H04;VOL3V;CLEARED;null
12-9-2021 17:35:12;21520606;03;12-9-2021 17:18:41;null;LNO5J;CLEARED;null
12-9-2021 17:35:13;21520591;36L;12-9-2021 17:20:53;D05;REN2V;CLEARED;null
12-9-2021 17:35:13;21520608;03;12-9-2021 17:21:30;null;VEL2J;CLEARED;null
12-9-2021 17:35:14;21520622;04;12-9-2021 17:22:16;GD;KDD2F;NOT_RESTRICTED;12-9-2021 17:17:00
12-9-2021 17:35:14;21520571;36L;12-9-2021 17:23:56;D10;SPY4V;CLEARED;null
12-9-2021 17:35:14;21520537;36L;12-9-2021 17:25:11;G71;LOP4V;null;12-9-2021 17:29:00
12-9-2021 17:35:15;21520534;36L;12-9-2021 17:26:30;H01;ARN2V;CLEARED;null
12-9-2021 17:50:10;21520572;36L;12-9-2021 17:29:56;S87;REN2V;CLEARED;null
12-9-2021 17:20:11;21520880;null;12-9-2021 17:30:00;null;null;CLEARED;null
12-9-2021 17:50:11;21520629;36L;12-9-2021 17:32:06;B15;KDD2V;NOT_RESTRICTED;12-9-2021 17:36:00
12-9-2021 17:50:12;21520570;36L;12-9-2021 17:35:38;D03;KDD2V;NOT_RESTRICTED;12-9-2021 17:38:00
12-9-2021 17:50:13;21520719;null;12-9-2021 17:36:00;null;null;CLEARED;null
12-9-2021 17:50:12;21520631;36L;12-9-2021 17:37:09;D57;LOP4V;CLEARED;null
12-9-2021 18:05:14;21520666;null;12-9-2021 17:38:00;null;null;CLEARED;null
12-9-2021 18:05:12;21520646;03;12-9-2021 17:44:58;null;ABN2J;CLEARED;null
12-9-2021 18:05:13;21520647;36L;12-9-2021 17:46:24;D12;SPY4V;CLEARED;null
12-9-2021 18:05:14;21520659;36L;12-9-2021 17:54:04;D53;KDD2V;CLEARED;null
12-9-2021 16:50:14;21520856;null;12-9-2021 17:55:00;null;null;CLEARED;null
12-9-2021 18:05:15;21520670;21;12-9-2021 17:57:39;null;LNO2B;CLEARED;null
12-9-2021 18:20:11;21520671;36L;12-9-2021 18:02:16;G02;REN2V;CLEARED;null
12-9-2021 18:20:12;21520652;03;12-9-2021 18:07:19;null;WDY5J;CLEARED;null
12-9-2021 18:20:12;21520686;36L;12-9-2021 18:07:56;G07;KDD2V;CLEARED;12-9-2021 18:17:00
12-9-2021 18:20:12;21520680;36L;12-9-2021 18:09:32;F05;REN2V;CLEARED;null
12-9-2021 18:20:13;21520911;24;12-9-2021 18:11:50;null;null;CLEARED;null
12-9-2021 18:20:13;21520651;36L;12-9-2021 18:11:54;B16;ARN2V;CLEARED;null
12-9-2021 18:20:13;21520683;03;12-9-2021 18:12:31;null;WDY5J;CLEARED;null
12-9-2021 18:20:13;21520689;36L;12-9-2021 18:13:09;D04;KDD2V;CLEARED;null
12-9-2021 18:35:12;21520694;36L;12-9-2021 18:18:11;G08;KDD2V;CLEARED;null
12-9-2021 18:35:12;21520682;36L;12-9-2021 18:19:45;B27;KDD2V;CLEARED;null
12-9-2021 18:35:12;21520690;36L;12-9-2021 18:20:55;B17;REN2V;CLEARED;null
12-9-2021 18:35:12;21520672;36L;12-9-2021 18:22:32;D51;REN2V;CLEARED;null
12-9-2021 18:35:13;21520699;36C;12-9-2021 18:28:09;B23;IVL4W;CLEARED;null
12-9-2021 18:50:11;21520705;36C;12-9-2021 18:29:46;F06;IVL4W;CLEARED;null
12-9-2021 18:50:11;21520681;36C;12-9-2021 18:32:08;G03;NYK5W;CLEARED;null
12-9-2021 18:50:11;21520706;36C;12-9-2021 18:33:23;C09;WDY3W;CLEARED;null
12-9-2021 18:50:11;21520774;21;12-9-2021 18:34:36;AZS;null;CLEARED;null
12-9-2021 18:50:12;21520711;36C;12-9-2021 18:34:40;D43;NYK5W;CLEARED;null
12-9-2021 18:50:12;21520673;03;12-9-2021 18:35:56;null;VEL2J;CLEARED;null
12-9-2021 18:50:12;21520654;24;12-9-2021 18:36:39;D1;WDY2B;CLEARED;null
12-9-2021 18:50:12;21520717;36C;12-9-2021 18:37:40;B15;WDY3W;CLEARED;null
12-9-2021 18:50:12;21520710;36L;12-9-2021 18:38:46;C05;SPY4V;CLEARED;null
12-9-2021 18:50:12;21520724;36C;12-9-2021 18:40:43;C11;WDY3W;CLEARED;null
12-9-2021 18:50:13;21520732;36C;12-9-2021 18:41:52;C06;IVL4W;CLEARED;null
12-9-2021 18:50:13;21520716;36L;12-9-2021 18:42:29;D10;SPY4V;CLEARED;null
12-9-2021 18:50:13;21520723;36C;12-9-2021 18:43:17;A51;OGI4W;NOT_RESTRICTED;12-9-2021 18:38:00
12-9-2021 19:05:12;21520721;36C;12-9-2021 18:44:42;A41;OGI4W;NOT_RESTRICTED;12-9-2021 18:45:00
12-9-2021 18:20:12;21520872;36C;12-9-2021 18:45:00;S77;IVL4W;CLEARED;null
12-9-2021 19:05:12;21520725;36C;12-9-2021 18:46:05;B28;WDY3W;CLEARED;null
12-9-2021 19:05:12;21520720;36C;12-9-2021 18:47:43;H02;IVL4W;CLEARED;null
12-9-2021 19:05:12;21520873;36L;12-9-2021 18:48:41;S79;SPY4V;CLEARED;null
12-9-2021 19:05:13;21520737;36C;12-9-2021 18:48:56;D55;IVL4W;CLEARED;null
12-9-2021 19:05:13;21520736;36C;12-9-2021 18:50:35;A63;IVL4W;CLEARED;null
12-9-2021 19:05:13;21520730;36L;12-9-2021 18:51:42;D18;VOL3V;CLEARED;null
12-9-2021 19:05:13;21520739;36C;12-9-2021 18:51:54;A45;WDY3W;CLEARED;null
12-9-2021 19:05:13;21520740;36C;12-9-2021 18:52:48;D24;NYK5W;CLEARED;null
12-9-2021 19:05:13;21520910;04;12-9-2021 18:53:00;HG0;null;CLEARED;null
12-9-2021 19:05:13;21520748;36L;12-9-2021 18:53:01;S90;SPY4V;CLEARED;null
12-9-2021 19:05:13;21520742;36C;12-9-2021 18:54:21;D41;IVL4W;CLEARED;null
12-9-2021 19:05:14;21520754;36C;12-9-2021 18:55:52;D49;NYK5W;CLEARED;null
12-9-2021 19:05:14;21520735;36L;12-9-2021 18:56:44;A43;SPY4V;CLEARED;null
12-9-2021 19:05:14;21520731;24;12-9-2021 18:57:47;JA;ARN3B;CLEARED;null
12-9-2021 19:05:14;21520755;36C;12-9-2021 18:58:06;C12;WDY3W;CLEARED;null
12-9-2021 19:05:14;21520722;36L;12-9-2021 18:58:24;D14;VOL3V;CLEARED;null
12-9-2021 19:20:13;21520738;36C;12-9-2021 18:59:27;B36;NYK5W;CLEARED;null
12-9-2021 18:35:12;21520745;04;12-9-2021 19:00:00;GD;KDD2F;null;null
12-9-2021 19:20:14;21520929;null;12-9-2021 19:00:00;null;null;CLEARED;null
12-9-2021 19:20:14;21520930;null;12-9-2021 19:00:00;null;null;CLEARED;null
12-9-2021 19:20:13;21520753;36L;12-9-2021 19:00:10;C08;SPY4V;CLEARED;null
12-9-2021 19:20:13;21520746;36C;12-9-2021 19:00:57;F09;NYK5W;CLEARED;null
12-9-2021 19:20:14;21520741;36C;12-9-2021 19:03:24;A71;NYK5W;CLEARED;null
12-9-2021 19:20:14;21520729;36C;12-9-2021 19:04:30;C07;WDY3W;CLEARED;null
12-9-2021 19:20:14;21520769;36L;12-9-2021 19:05:15;B24;SPY4V;CLEARED;null
12-9-2021 19:20:14;21520757;36C;12-9-2021 19:05:23;E06;IVL4W;CLEARED;null
12-9-2021 19:20:14;21520771;36L;12-9-2021 19:06:43;A61;SPY4V;CLEARED;null
12-9-2021 19:20:14;21520743;36C;12-9-2021 19:06:45;D54;WDY3W;CLEARED;null
12-9-2021 19:20:15;21520770;36L;12-9-2021 19:08:12;D52;SPY4V;CLEARED;null
12-9-2021 19:20:15;21520734;36C;12-9-2021 19:08:28;A53;WDY3W;CLEARED;null
12-9-2021 19:20:15;21520782;36C;12-9-2021 19:09:18;D57;NYK5W;CLEARED;null
12-9-2021 19:20:15;21520781;36C;12-9-2021 19:10:52;B27;WDY3W;CLEARED;null
12-9-2021 19:20:15;21520688;36C;12-9-2021 19:12:03;D25;NYK5W;CLEARED;null
12-9-2021 19:20:15;21520788;36C;12-9-2021 19:13:02;B17;OGI4W;NOT_RESTRICTED;12-9-2021 19:10:00
12-9-2021 19:35:11;21520733;36C;12-9-2021 19:14:06;A46;IVL4W;CLEARED;null
12-9-2021 19:35:11;21520786;36C;12-9-2021 19:15:26;C15;IVL4W;CLEARED;null
12-9-2021 19:35:11;21520768;36L;12-9-2021 19:16:30;C16;SPY4V;CLEARED;null
12-9-2021 19:35:11;21520794;36C;12-9-2021 19:16:46;H03;WDY3W;CLEARED;null
12-9-2021 19:35:11;21520931;22;12-9-2021 19:17:08;GD;KDD2G;CLEARED;null
12-9-2021 19:35:12;21520766;36C;12-9-2021 19:18:01;A73;IVL4W;CLEARED;12-9-2021 19:19:00
12-9-2021 19:35:12;21520796;36C;12-9-2021 19:19:09;A32;WDY3W;CLEARED;null
12-9-2021 19:35:12;21520797;36C;12-9-2021 19:20:32;A55;IVL4W;CLEARED;12-9-2021 19:45:00
12-9-2021 19:35:12;21520765;36C;12-9-2021 19:21:50;C10;WDY3W;CLEARED;null
12-9-2021 19:35:12;21520790;36L;12-9-2021 19:22:48;A42;SPY4V;CLEARED;null
12-9-2021 19:35:12;21520802;36C;12-9-2021 19:23:06;C18;IVL4W;CLEARED;null
12-9-2021 19:35:13;21520812;36L;12-9-2021 19:24:16;B20;SPY4V;CLEARED;null
12-9-2021 19:35:13;21520780;36C;12-9-2021 19:24:43;D03;IVL4W;CLEARED;null
12-9-2021 19:35:13;21520801;36C;12-9-2021 19:26:00;E04;IVL4W;CLEARED;null
12-9-2021 19:35:13;21520808;36L;12-9-2021 19:26:48;B35;SPY4V;CLEARED;null
12-9-2021 19:35:13;21520810;36C;12-9-2021 19:27:23;A65;IVL4W;CLEARED;null
12-9-2021 19:35:13;21520811;36L;12-9-2021 19:27:37;E07;BER5V;CLEARED;null
12-9-2021 19:35:13;21520809;36C;12-9-2021 19:28:42;A44;IVL4W;CLEARED;null
12-9-2021 19:50:13;21520787;36C;12-9-2021 19:29:59;C14;IVL4W;CLEARED;null
12-9-2021 19:50:13;21520852;36C;12-9-2021 19:32:28;R80;NYK5W;CLEARED;null
12-9-2021 19:50:14;21520800;36C;12-9-2021 19:34:38;G04;IVL4W;CLEARED;null
12-9-2021 19:50:14;21520767;36L;12-9-2021 19:35:01;D05;SPY4V;CLEARED;null
12-9-2021 19:50:14;21520799;36C;12-9-2021 19:35:46;G71;OGI4W;CLEARED;12-9-2021 19:33:00
12-9-2021 19:50:14;21520821;36C;12-9-2021 19:36:51;A54;IVL4W;CLEARED;null
12-9-2021 19:50:14;21520813;36C;12-9-2021 19:37:59;A31;WDY3W;CLEARED;null
12-9-2021 19:50:14;21520825;36L;12-9-2021 19:38:37;A64;SPY4V;CLEARED;null
12-9-2021 19:50:14;21520791;36C;12-9-2021 19:39:04;D12;IVL4W;CLEARED;null
12-9-2021 19:50:14;21520819;36L;12-9-2021 19:39:30;E05;BER5V;CLEARED;null
12-9-2021 19:50:15;21520789;36C;12-9-2021 19:40:29;D56;IVL4W;CLEARED;null
12-9-2021 19:50:15;21520834;36C;12-9-2021 19:41:48;B16;WDY3W;CLEARED;null
12-9-2021 19:50:15;21520841;36C;12-9-2021 19:42:56;A71;NYK5W;CLEARED;null
12-9-2021 19:50:15;21520840;36L;12-9-2021 19:43:44;B31;SPY4V;CLEARED;null
12-9-2021 20:05:12;21520831;36C;12-9-2021 19:44:09;B32;OGI4W;CLEARED;null
12-9-2021 20:05:12;21520874;36L;12-9-2021 19:45:27;F04;SPY4V;CLEARED;null
12-9-2021 20:05:12;21520827;36C;12-9-2021 19:45:38;B23;OGI4W;CLEARED;12-9-2021 19:42:00
12-9-2021 20:05:12;21520798;36L;12-9-2021 19:47:27;D53;SPY4V;CLEARED;null
12-9-2021 20:05:12;21520795;36L;12-9-2021 19:48:30;D26;VOL3V;CLEARED;null
12-9-2021 17:05:12;21520865;null;12-9-2021 19:50:00;null;null;CLEARED;null
12-9-2021 20:05:13;21520820;36L;12-9-2021 19:50:06;D27;BER5V;CLEARED;null
12-9-2021 20:05:13;21520859;36L;12-9-2021 19:52:00;B15;KDD2V;CLEARED;null
12-9-2021 20:05:13;21520844;36L;12-9-2021 19:52:57;A52;BER5V;CLEARED;null
12-9-2021 20:05:13;21520826;36L;12-9-2021 19:53:58;D28;SPY4V;CLEARED;null
12-9-2021 20:05:14;21520853;36L;12-9-2021 19:55:30;D10;BER5V;CLEARED;null
12-9-2021 20:05:14;21520871;03;12-9-2021 19:57:56;null;PES3J;CLEARED;null
12-9-2021 20:05:14;21520862;36L;12-9-2021 19:57:56;D16;BER5V;CLEARED;null
12-9-2021 20:20:12;21520854;36L;12-9-2021 20:00:09;A74;BER5V;CLEARED;null
12-9-2021 20:20:13;21520942;06;12-9-2021 20:01:00;X;null;CLEARED;null
12-9-2021 20:20:12;21520938;36L;12-9-2021 20:01:24;H02;VOL3V;CLEARED;null
12-9-2021 20:20:13;21520875;36L;12-9-2021 20:04:24;H05;REN2V;CLEARED;null
12-9-2021 18:20:13;21520857;36L;12-9-2021 20:05:00;H02;VOL3V;CLEARED;null
12-9-2021 20:20:13;21520861;36L;12-9-2021 20:05:37;E09;VOL3V;CLEARED;null
12-9-2021 20:20:13;21520876;36L;12-9-2021 20:09:25;A63;VOL3V;CLEARED;null
12-9-2021 20:20:14;21520877;36L;12-9-2021 20:13:11;G08;KDD2V;CLEARED;null
12-9-2021 20:35:13;21520830;21;12-9-2021 20:16:11;A1;LNO2B;CLEARED;12-9-2021 20:10:00
12-9-2021 20:35:14;21520870;36L;12-9-2021 20:19:59;F03;SPY4V;CLEARED;null
12-9-2021 20:35:14;21520756;36L;12-9-2021 20:22:24;S74;BER5V;CLEARED;null
12-9-2021 20:35:14;21520883;36L;12-9-2021 20:26:32;H01;VOL3V;CLEARED;null
12-9-2021 20:50:11;21520843;36L;12-9-2021 20:31:21;S94;ARN2V;CLEARED;null
12-9-2021 20:50:11;21520881;36L;12-9-2021 20:33:33;H03;BER2Z;CLEARED;null
12-9-2021 20:50:11;21520888;36L;12-9-2021 20:35:28;D29;BER2Z;CLEARED;null
12-9-2021 20:50:12;21520839;36L;12-9-2021 20:36:43;H04;ARN2Z;CLEARED;null
12-9-2021 20:50:12;21520945;06;12-9-2021 20:37:37;null;null;CLEARED;null
12-9-2021 20:50:12;21520919;36L;12-9-2021 20:42:41;F07;BER2Z;CLEARED;null
12-9-2021 21:05:12;21520896;36L;12-9-2021 20:45:09;C05;BER2Z;CLEARED;null
12-9-2021 21:05:12;21520900;36L;12-9-2021 20:46:43;R77;REN2Z;CLEARED;null
12-9-2021 21:20:11;21520908;36L;12-9-2021 21:03:54;S82;REN2Z;CLEARED;null
12-9-2021 21:20:11;21520828;36L;12-9-2021 21:06:31;G05;KDD2Z;CLEARED;null
12-9-2021 21:20:11;21520914;36L;12-9-2021 21:07:48;E06;REN2Z;CLEARED;null
13-9-2021 01:05:10;21520901;36L;12-9-2021 21:44:46;D54;KDD2Z;CLEARED;null
13-9-2021 01:05:12;21520928;36L;12-9-2021 22:15:17;S79;ARN2Z;CLEARED;null
